entry_id	simplified	pinyin
45331	丆	xx5
341879	丆	xx5
120459	中华人民共和国国家统计局	zhong1 hua2 ren2 min2 gong4 he2 guo2 guo2 jia1 ton3 ji4 ju2
342022	乊	xx5
46585	乊	xx5
342030	乥	xx5
46727	乥	xx5
342032	乫	xx5
46732	乫	xx5
342036	乷	xx5
46762	乷	xx5
342037	乺	xx5
46765	乺	xx5
342038	乼	xx5
46766	乼	xx5
342097	亪	xx5
47314	亪	xx5
342128	亽	xx5
47516	亽	xx5
342135	仒	xx5
47588	仒	xx5
354747	升幂	shen1 gmi4
342683	厼	xx5
53153	厼	xx5
352457	城际高铁	chzng2 ji4 gao1 tie3
57117	壭	xx5
343191	壭	xx5
70277	朩	xx5
344777	朩	xx5
70409	朰	xx5
344784	朰	xx5
354699	监测所	jian1 ce4 sup3
84709	罖	xx5
346351	罖	xx5
348597	APEC蓝	APEC5 Lan2
356352	AZERTY键盘	AZERTY5 jian4 pan2
127862	ITT公司	ITT5 gong1 si1
127915	KRC亨克	KRCheng1 ke4
