entry_id	repair
63314	stray 0xC2 byte removed
48109	stray 0xC2 byte removed
88816	stray 0xC2 byte removed
51606	stray 0xC2 byte removed
360681	broken check mark restored
354697	stray 0xC2 byte removed
349003	stray 0xC2 byte removed
96532	stray 0xC2 byte removed
96532	stray 0xC2 byte removed
343966	stray 0xC2 byte removed
344245	stray 0xC2 byte removed
65694	stray 0xC2 byte removed
65694	stray 0xC2 byte removed
67502	stray 0xC2 byte removed
203640	stray 0xC2 byte removed
358192	stray 0xC2 byte removed
66537	stray 0xC2 byte removed
67511	stray 0xC2 byte removed
67511	stray 0xC2 byte removed
66812	stray 0xC2 byte removed
66863	stray 0xC2 byte removed
66941	stray 0xC2 byte removed
344469	stray 0xC2 byte removed
67447	stray 0xC2 byte removed
67615	stray 0xC2 byte removed
29045	stray 0xC2 byte removed
69478	stray 0xC2 byte removed
69788	stray 0xC2 byte removed
71111	stray 0xC2 byte removed
74997	stray 0xC2 byte removed
74997	stray 0xC2 byte removed
24844	stray 0xC2 byte removed
24844	stray 0xC2 byte removed
81143	stray 0xC2 byte removed
82475	stray 0xC2 byte removed
82989	stray 0xC2 byte removed
10661	stray 0xC2 byte removed
92496	stray 0xC2 byte removed
106941	stray 0xC2 byte removed
348110	stray 0xC2 byte removed
341192	stray 0xC2 byte removed
359484	empty French gloss removed
348608	empty French gloss removed
