entry_id	simplified	cfdict_pinyin	cc_cedict_pinyin
44982	㹴	geng3	geng1
44983	㹴犬	geng3 quan3	geng1 quan3
44984	㺵	jiu2	jiu3
45031	一场空	yi1 chang3 kong1	yi1 chang2 kong1
341817	一字不差	yi1 zi4 bu4 cha1	yi1 zi4 bu4 cha4
45207	一蹴可几	yi1 cu4 ke3 ji3	yi1 cu4 ke3 ji1
356435	上载	shang4 zai4	shang4 zai3
353551	不中用	bu4 zhong4 yong4	bu4 zhong1 yong4
3349	不予	bu4 yu2	bu4 yu3
185068	不舍	bu4 she4	bu4 she3
86837	与时俱进	yu3 shi2 ju1 jin4	yu3 shi2 ju4 jin4
348511	严以律己	yan3 yi3 lu:4 ji3	yan2 yi3 lu:4 ji3
359163	中东呼吸综合征	Zhong1 dong1 hu1 xi1 zong1 he2 zheng4	Zhong1 dong1 hu1 xi1 zong1 he2 zheng1
46345	中油	Zhong4 you2	Zhong1 you2
257399	中用	zhong4 yong4	zhong1 yong4
76782	为例	wei4 li4	wei2 li4
113762	主题曲	zhu3 ti2 qu1	zhu3 ti2 qu3
353566	主题演讲	zhu3 ti3 yan3 jiang3	zhu3 ti2 yan3 jiang3
42077	云雨	yun2 yu4	yun2 yu3
342065	互诉衷肠	hu1 su4 zhong1 chang2	hu4 su4 zhong1 chang2
245192	些微	xie1 wei2	xie1 wei1
342095	亨丁顿舞蹈症	Heng1 ding1 dun4 wu3 dao4 zheng4	Heng1 ding1 dun4 wu3 dao3 zheng4
339506	从	cong1	cong2
226712	任丘	ren4 qiu1	Ren2 qiu1
47824	任丘市	Ren4 qiu1 shi4	Ren2 qiu1 Shi4
47836	任安	Ren4 An1	Ren2 An1
47850	任达华	Ren4 Da2 hua2	Ren2 Da2 hua2
47893	伊塞克湖	Yi1 sai1 ke4 Hu2	Yi1 sai4 ke4 Hu2
252752	优生	you4 sheng1	you1 sheng1
252751	优缺点	you4 que1 dian3	you1 que1 dian3
30584	作料	zuo2 liao5	zuo4 liao5
342195	佳丽酿	Jia1 li4 niang2	Jia1 li4 niang4
33158	供应链	gong1 ying1 lian4	gong1 ying4 lian4
2296	俵	biao3	biao4
1100	傍	bang1	bang4
355834	僵尸粉	jiang1 shi3 fen3	jiang1 shi1 fen3
21279	儵	shu4	shu1
350564	兴许	xing4 xu3	xing1 xu3
354860	内切	nei4 qie4	nei4 qie1
351236	冰溜	bing1 liu1	bing1 liu4
50784	凯撒	Kai3 sa3	Kai3 sa1
186541	刬	chan4	chan3
2692	剥削	bo1 xue4	bo1 xue1
338919	劳	lao4	lao2
13020	匊	ju2	ju1
338934	匹	pi1	pi3
55421	单挑	dan1 tiao1	dan1 tiao3
40134	占城	Zhan4 cheng2	Zhan1 cheng2
343182	压马路	ya1 ma3 lu4	ya4 ma3 lu4
354493	友尽	you3 jin3	you3 jin4
35341	另存为	ling4 cun2 wei4	ling4 cun2 wei2
337757	听	ting4	ting1
54419	吵吵	chao3 chao3	chao1 chao5
54524	呔	tai1	tai3
339033	呢	ni1	ni2
28516	咋	zha4	zha1
24812	哮	xiao1	xiao4
339111	嘌	piao1	piao4
353719	图论	tu2 lun2	tu2 lun4
343073	地排车	di4 pai2 che1	di4 pai3 che1
343089	坐卧不宁	zuo4 wo4 bu4 ning4	zuo4 wo4 bu4 ning2
39387	垭	ya4	ya1
356521	堂姐夫	tang3 jie3 fu5	tang2 jie3 fu5
343158	塞勒姆	Sai1 le4 mu3	Sai4 le4 mu3
356107	塞斯纳	Sai1 si1 na4	Sai4 si1 na4
37064	塞瓦斯托波尔	Sai1 wa3 si1 tuo1 bo1 er3	Sai4 wa3 si1 tuo1 bo1 er3
355725	塞缪尔	Sai1 miu4 er3	Sai4 miu4 er3
57036	墬	di2	di4
105150	声优	sheng1 you4	sheng1 you1
356530	多头市场	duo1 tou2 shi4 chang2	duo1 tou2 shi4 chang3
354546	天使投资人	tian1 shi3 tou4 zi1 ren4	tian1 shi3 tou2 zi1 ren2
355736	奔三	Ben1 san1	ben4 san1
355737	奔四	ben1 si4	ben4 si4
351317	宁拆十座庙，不毁一桩婚	ning2 chai1 shi2 zuo4 miao4 , bu4 hui4 yi1 zhuang1 hun1	ning4 chai1 shi2 zuo4 miao4 , bu4 hui3 yi1 zhuang1 hun1
11491	寄予	ji4 yu2	ji4 yu3
351320	小孩堤防	Xiao3 hai2 Di2 fang2	Xiao3 hai2 Di1 fang2
353806	居丧	ju1 sang4	ju1 sang1
251546	应允	ying4 yun3	ying1 yun3
64752	应城	Ying1 cheng2	Ying4 cheng2
64754	应城市	Ying1 cheng2 shi4	Ying4 cheng2 Shi4
62898	强忍	qiang2 ren3	qiang3 ren3
79546	当真	dang1 zhen1	dang4 zhen1
23447	往	wang4	wang3
112548	恋父情结	lian4 fu3 qing2 jie2	lian4 fu4 qing2 jie2
344159	战斗部	zhan4 dou3 bu4	zhan4 dou4 bu4
40324	执迷不悟	zhi2 mi2 bu2 wu4	zhi2 mi2 bu4 wu4
65902	拈	nian2	nian1
339632	拱手相让	gong1 shou3 xiang1 rang4	gong3 shou3 xiang1 rang4
66312	持枪抢劫	chi2 qiang1 qiang1 jie2	chi2 qiang1 qiang3 jie2
857	捭	bai4	bai3
17379	排	pai3	pai2
66651	排档	pai2 dang3	pai2 dang4
1713	搒	peng4	peng2
37025	撒哈拉沙漠	Sa3 ha1 la1 Sha1 mo4	Sa1 ha1 la1 Sha1 mo4
344457	撒手不管	sa3 shou3 bu4 guan3	sa1 shou3 bu4 guan3
353514	放倒	fang4 dao4	fang4 dao3
207111	教化	jiao4 hua1	jiao4 hua4
37116	散乱	san4 luan4	san3 luan4
112183	文本框	wen2 ben3 kuang1	wen2 ben3 kuang4
351430	无着	wu1 zhuo2	wu2 zhuo2
22581	朓	tiao4	tiao3
9535	果实累累	guo3 shi2 lei3 lei3	guo3 shi2 lei2 lei2
72036	树荫	shu4 yin4	shu4 yin1
344868	桑娇维塞	Sang1 jiao1 wei2 sai1	Sang1 jiao1 wei2 sai4
34189	梜	jia2	jia1
349940	棕顶树莺	zong4 ding3 shu4 ying1	zong1 ding3 shu4 ying1
339883	椤	luo3	luo2
4833	椿	chun2	chun1
339895	槭	qi1	qi4
14806	歛	lian4	lian3
39561	殀	yao3	yao1
219209	民营企业	min2 ying2 qi4 ye4	min2 ying2 qi3 ye4
354022	气场	qi4 chang2	qi4 chang3
356417	水煎包	shui4 jian1 bao1	shui3 jian1 bao1
338495	沿	yan4	yan2
74214	泡面	pao1 mian4	pao4 mian4
110987	波斯尼亚和黑塞哥维那	bo1 si1 ni2 ya4 he4 hei1 sai1 ge1 wei2 na4	Bo1 si1 ni2 ya4 he2 Hei1 sai4 ge1 wei2 na4
32850	泭	fu2	fu1
111991	流媒体	liu2 mei2 ti1	liu2 mei2 ti3
351917	海伦·凯勒	Hai3 lun2 · Kai3 le1	Hai3 lun2 · Kai3 le4
354044	涉贿	she4 hui1	she4 hui4
7797	渢	feng2	feng1
25415	滫	xiu1	xiu3
356674	漂走	piao4 zou3	piao1 zou3
25656	漩涡	xuan4 wo1	xuan2 wo1
10622	澣	huan3	huan4
36458	片剂	pian1 ji4	pian4 ji4
22298	特	te2	te4
195576	犯罪分子	fan4 zui4 fen1 zi3	fan4 zui4 fen4 zi3
340159	狓	pi1	pi2
360338	狗狗币	Gou3 gou3 bi4	Gou3 gou1 bi4
5131	瑳	cuo3	cuo1
79431	画卷	hua4 juan3	hua4 juan4
79363	留空	liu2 kong1	liu2 kong4
34354	疖	jie2	jie1
38796	瘜	xi2	xi1
30700	癶	bo4	bo1
30670	相随	xiang3 sui2	xiang1 sui2
13882	矻	ku4	ku1
27657	禺	yu4	yu2
346049	空地导弹	kong4 di4 dao3 dan4	kong1 di4 dao3 dan4
356744	空头市场	kong1 tou2 shi4 chang2	kong1 tou2 shi4 chang3
21781	窣	su4	su1
23810	紊	wen4	wen3
83726	紫微斗数	zi3 wei1 dou4 shu4	zi3 wei1 dou3 shu4
40080	縡	zai3	zai4
10228	红十字会	hong2 shi2 zi4 hui3	Hong2 shi2 zi4 hui4
350487	绿荫	lu:4 yin4	lu:4 yin1
43200	缥缈	piao3 miao3	piao1 miao3
15541	罗	luo1	luo2
38820	翕	xi4	xi1
213430	老土	lao2 tu5	lao3 tu3
24352	肸	xi4	xi1
354206	背带裤	bei4 dai4 ku4	bei1 dai4 ku4
354221	臀沟	tun2 gou4	tun2 gou1
23471	萎	wei1	wei3
88118	落空	luo4 kong4	luo4 kong1
80988	蒙松雨	meng1 song1 yu3	meng2 song1 yu3
8984	蓇	gu3	gu1
10320	虍	hu3	hu1
346889	虚拟专用网络	xu1 ni2 zhuan1 yong4 wang3 luo4	xu1 ni3 zhuan1 yong4 wang3 luo4
350648	血晕	xue4 yun1	xue4 yun4
350649	血雀	xue3 que4	xue4 que4
350650	血雉	xue3 zhi4	xue4 zhi4
25336	行	xing4	xing2
89603	衣锦还乡	yi4 jin3 huan2 xiang1	yi1 jin3 huan2 xiang1
352039	裘力斯·恺撒	Qiu2 li4 si1 · Kai3 sa3	Qiu2 li4 si1 · Kai3 sa1
8033	褔	fu2	fu4
90045	西门庆	Xi1 men1 Qing4	Xi1 men2 Qing4
247869	要约	yao1 yue4	yao1 yue1
90866	语种	yu3 zhong4	yu3 zhong3
13028	踘	ju2	ju1
3681	蹭	ceng2	ceng4
347333	蹲马步	dun4 ma3 bu4	dun1 ma3 bu4
347461	过肩摔	guo4 jian1 shuai3	guo4 jian1 shuai1
37920	遢	ta4	ta1
3682	鄫	Zeng2	Zeng1
24357	釸	xi4	xi1
18210	鏚	qi4	qi1
356898	钩环	gou4 huan2	gou1 huan2
40764	钻井	zuan4 jing3	zuan1 jing3
347764	阿衣奴	A1 yi1 nu3	A1 yi1 nu2
355555	陀螺仪	tuo2 luo2 yi4	tuo2 luo2 yi2
244128	限量	xian4 liang2	xian4 liang4
347844	难以自已	nan2 yi3 zi1 yi3	nan2 yi3 zi4 yi3
350906	难兄难弟	nan2 xiong1 nan2 di4	nan4 xiong1 nan4 di4
97979	难点	nan4 dian3	nan2 dian3
18557	雀	qiao3	qiao1
17454	雱	pang2	pang1
15071	零散	ling2 san4	ling2 san3
98784	鞫	ju2	ju1
39281	顼	xu4	xu1
12897	駉	jiong3	jiong1
100401	高教	gao1 jiao1	gao1 jiao4
100411	高村正彦	Gao1 cun1 Zheng1 yan4	Gao1 cun1 Zheng4 yan4
350971	高跷鹬	gao1 qiao4 yu4	gao1 qiao1 yu4
25551	魆	xu4	xu1
10177	魟	hong1	hong2
350992	鸦嘴卷尾	ya1 zui3 juan4 wei3	ya1 zui3 juan3 wei3
341707	T裇	T xu1	T xu4
