title	issue	detail
語彙	several-readings	yǔhuì | cíhuì
語	several-readings	yǔ | yù
一	several-readings	yī | yí | yì
月	several-readings	yuè | ròu
月	several-readings	ròu | yuè
十	several-readings	shí- | shí
北	several-readings	běi | bèi
南	several-readings	nán | nā
你好	several-readings	nǐ hǎo | níhǎo
百	several-readings	bǎi- | bǎi
千	several-readings	qiān- | qiān
地	several-readings	dì | de
地	several-readings	de | dì
不	several-readings	bù | fǒu
不	several-readings	fǒu | bù
好	several-readings	hǎo | hào
好	several-readings	hào | hǎo
万	several-readings	wàn | mò
都	several-readings	dōu | dū
都	several-readings	dū | dōu
号	several-readings	hào | háo
太阳	invalid-reading	taìyáng
子	several-readings	zǐ | zi
子	several-readings	zi | zǐ
川	several-readings	chuān | wú
龟	several-readings	guī | qiū | jūn
上	several-readings	shàng | shǎng
沐	no-pinyin	
的	several-readings	de | dí | dì | xiào
的	several-readings	dí | de | dì | xiào
的	several-readings	dì | de | dí | xiào
知道	several-readings	zhīdao | zhīdào
这	several-readings	zhè | zhè (zhe
谁	several-readings	shéi | shuí
了	several-readings	liǎo | le
了	several-readings	le | liǎo
方	several-readings	fāng | fáng | fǎng | páng | wǎng | fēng
公民	no-pinyin	
寻	several-readings	xún | xín
中	several-readings	zhōng | zhòng
中	several-readings	zhòng | zhōng
要	several-readings	yāo | yāo yào
要	several-readings	yào | yāo yào
际	no-pinyin	
广	several-readings	guǎng | ān | yǎn
台	several-readings	tái | tāi (tai
教	several-readings	jiào | jiāo
捉	no-pinyin	
只	several-readings	zhǐ | zhī | qí
只	several-readings	zhī | zhǐ | qí
王	several-readings	wáng | wàng
王	several-readings	Wáng | wáng | wàng
把	several-readings	bǎ | bà
把	several-readings	bà | bǎ
说	several-readings	shuō | shuì | tuō | yuè
说	several-readings	shuì | shuō | tuō | yuè
以	several-readings	yǐ | sì
为	several-readings	wèi | wéi
为	several-readings	wéi | wèi
前面	several-readings	qiánmiàn | qiánmiàn (qian
没	several-readings	méi | mò
没	several-readings	mò | méi
门	several-readings	mén | yán
出	several-readings	chū | jī
过	several-readings	guò | guō | huò
什	several-readings	shén | shí
么	several-readings	ma | ma (ma
么	several-readings	me | ma (ma
打	several-readings	dǎ | dá
行	several-readings	xíng | háng | hàng | héng | xìng
行	several-readings	háng | xíng | hàng | héng | xìng
能	several-readings	néng | nái | nài | tái | tāi
点	several-readings	diǎn | duò | zhān
少	several-readings	shǎo | shào
少	several-readings	shào | shǎo
给	several-readings	gěi | jǐ
车	several-readings	chē | jū
车	several-readings	jū | chē
作	several-readings	zuò | zuō | zuó
会	several-readings	huì | kuài | guì
会	several-readings	kuài | huì | guì
边	several-readings	biān | biān (bian
边	several-readings	bian | biān (bian
间	several-readings	jiān | jiǎn | jiàn
外	several-readings	wài | wǎn
得	several-readings	dé | de | děi
字	several-readings	zì | xùn
和	several-readings	hé | hè | hú | huó | huò
和	several-readings	huó | hé | hè | hú | huò
和	several-readings	hè | hé | hú | huó | huò
和	several-readings	hú | hé | hè | huó | huò
和	several-readings	huò | hé | hè | hú | huó
别	several-readings	bié | biè
长	several-readings	cháng | zhǎng | zhàng
长	several-readings	zhǎng | cháng | zhàng
远	several-readings	yuǎn | yuàn
向	several-readings	xiàng | chà | zhā
回	several-readings	huí | tún
机	several-readings	jī | wèi
文	several-readings	wén | wèn
力量	several-readings	lìliang | lìliàng
架	multiline-gloss	* Classificateur utilisé pour les gros objets, comme les pianos, les avions, etc. #* 一架钢琴 yi jià gãngqín #*: un piano
正在	several-readings	zhèng zài | zhèngzài
正	several-readings	zhēng | zhèng
完璧归赵	several-readings	wánbì guī Zhào | wánbì guī ehào
夫	several-readings	fū | fú
干	several-readings	gān | gàn | àn
干	several-readings	gàn | gān | àn
碰	no-pinyin	
撞	no-pinyin	
捡	no-pinyin	
顿	no-pinyin	
省	several-readings	shěng | xǐng
省	several-readings	xǐng | shěng
种	several-readings	zhǒng | chóng | zhòng
种	several-readings	zhòng | chóng | zhǒng
放	several-readings	fàng | fǎng | fāng
具	several-readings	jù | cí
候	several-readings	hòu | liàng
希	no-pinyin	
芜	no-pinyin	
首	multiline-gloss	(9 traits, radical 185): Classificateur des poèmes, des chants, des pièces de musique. #* 一首乐曲。 yī shǒu yuèqǔ. #*: Une air de musique.
严	several-readings	yán | bàng
重	several-readings	chóng | zhòng
重	several-readings	zhòng | chóng
切	several-readings	qiè | qì | qiē
成	several-readings	chéng | qiáng
漫长	no-pinyin	
期	several-readings	qī | jī | qí
航	no-pinyin	
如期	no-pinyin	
空中	no-pinyin	
空	several-readings	kōng | kòng | kong
空	several-readings	kong | kōng | kòng
瞬间	no-pinyin	
抗战	no-pinyin	
接待	no-pinyin	
论坛	no-pinyin	
忙	several-readings	máng | sōng
蝈蝈	no-pinyin	
燕子	no-pinyin	
鹦鹉	no-pinyin	
红喉雀	no-pinyin	
鲸	several-readings	jīng | qíng
車	several-readings	chē | jū
車	several-readings	jū | chē
蛇	several-readings	shé | chí | tuó | yí
胜利	no-pinyin	
颁发	no-pinyin	
飓风	no-pinyin	
幸存者	no-pinyin	
疏散	no-pinyin	
数	several-readings	shǔ | shù
数	several-readings	shù | shǔ
马来西亚	no-pinyin	
坚持	no-pinyin	
往	several-readings	wǎng | wàng
布莱尔	no-pinyin	
纺织品	no-pinyin	
条	several-readings	tiáo | tāo | tiāo
条	multiline-gloss	#* 一條魚 yi tiáo yú #*: un poisson
条	multiline-gloss	#* 人用两条腿走路。 rén yòng liǎng tiáo tuǐ zǒulù. #*: L’homme marche sur deux jambes.
条	multiline-gloss	#* 一条裤子 yī tiáo kùzi #*: Un pantalon
条	multiline-gloss	#* 街上黑沉沉的一无所有，只有一条灰白的路，看得分明。 #*: La traduction en français de l’exemple manque. ([server.dummy/w/index.php?action=edit&title=%E6%9D%A1 Ajouter]) — (鲁迅, 药, 1919, éd. 2006) ISBN 7561334753
条	multiline-gloss	#* 一条河流 yī tiáo héliú #*: Une rivière
条	multiline-gloss	#* 一条蛇 yī tiáo shé #*: Un serpent
总司令	several-readings	zǒng sīlìng | zǒngsīlìng
司	several-readings	sī | sì
布什	no-pinyin	
显得	no-pinyin	
尤其	no-pinyin	
北方	several-readings	běifāng | běibian
宿	several-readings	sù | xiǔ | xiù
欸	no-pinyin	
新奥尔良	no-pinyin	
敦	several-readings	dūn | duì
敦	several-readings	duì | dūn
白	several-readings	bái | bó
阿尔及利亚	no-pinyin	
欢	no-pinyin	
系	several-readings	xi | xì
杂	several-readings	zá | sǔi
语	several-readings	yǔ | yù
半	several-readings	bàn | pàn
知	several-readings	zhī | zhì
知	several-readings	zhì | zhī
有意思	several-readings	yǒu yìsi | yǒuyìsi
没意思	several-readings	méi yìsi | méiyìsi
卡拉OK	non-han-title	
卡	several-readings	kǎ | qiǎ
张	several-readings	zhāng | zhàng
照	multiline-gloss	* Photographie. * Licence, permis.
照	multiline-gloss	* Éclairer. * Contraster. * Refléter. * (Photographie) photographier. * Comprendre.
岁数	no-pinyin	
房	several-readings	fáng | páng
累	several-readings	lèi | lěi
累	several-readings	lěi | lèi
吹了	no-pinyin	
讨老婆	no-pinyin	
啦	no-pinyin	
尝尝	no-pinyin	
舅舅	no-pinyin	
叔叔	no-pinyin	
足	several-readings	zú | jù
喵喵	no-pinyin	
捌	no-pinyin	
拾	no-pinyin	
玖	no-pinyin	
呼吁	no-pinyin	
参	several-readings	cān | cēn | shēn
参	several-readings	cēn | cān | shēn
办公室	several-readings	bàngōngshì | bàngōngshǐ
女性	several-readings	nǚxìng | nǚnxìng
卖	several-readings	mài | nā
排箫	no-pinyin	
酉	several-readings	yǒu | dīng
間	several-readings	jiān | jiǎn | jiàn
赤	several-readings	chì | cè
朝	several-readings	cháo | zhāo
朝	several-readings	zhāo | cháo
米	several-readings	mǐ | zá
漢	several-readings	hàn | yì
疒	several-readings	chuáng | nè
説	several-readings	shuō | shuì | tuō | yuè
説	several-readings	shuì | shuō | tuō | yuè
底	several-readings	de | dǐ
底	several-readings	dǐ | de
乙	several-readings	niè | yǐ
亠	several-readings	tóu | wú
丁	several-readings	dīng | zhēng
隶	several-readings	lì | dài
㐁	several-readings	tiàn | tiǎn
㒎	several-readings	sǎ | sà | tàn
㓖	several-readings	bì | bié
㓞	several-readings	qià | qì | yáo
㓴	several-readings	jùn | ruǎn
与	several-readings	yú | yǔ | yù
与	several-readings	yǔ | yú | yù
丧	several-readings	sāng | sàng
主	several-readings	zhǔ | zhù
乏	several-readings	fá | luò | yào | yuè
乐	several-readings	lè | liáo | luò | yào | yuè
乐	several-readings	yuè | lè | liáo | luò | yào
乘	several-readings	chéng | shèng
乾	several-readings	qián | gān
乾	several-readings	gān | qián
予	several-readings	yú | yǔ | zhù
予	several-readings	yǔ | yú | zhù
争	several-readings	zhēng | zhèng
亟	several-readings	jì | jí | qì
亩	several-readings	mǔ | qìng | xīn
仅	several-readings	jǐn | jìn
仅	several-readings	jìn | jǐn
伞	several-readings	sǎn | zhuàn
传	several-readings	chuán | zhuàn
传	several-readings	zhuàn | chuán
佛	several-readings	fó | fú
侣	several-readings	bàn | lǚ
侧	several-readings	cè | zè | zhāi
侶	several-readings	bàn | lǚ
便	several-readings	biàn | pián | biān
便	several-readings	pián | biàn | biān
倒	several-readings	dǎo | dào
倒	several-readings	dào | dǎo
值	several-readings	zhí | zhì
傘	several-readings	sǎn | zhuàn
傳	several-readings	chuán | zhuàn
傳	several-readings	zhuàn | chuán
僅	several-readings	jǐn | jìn
僅	several-readings	jìn | jǐn
兴	several-readings	xīng | xìng
兵	several-readings	bīng | jī
冠	several-readings	guān | guàn
冲	several-readings	chōng | chǒng | chòng
凄	several-readings	qī | qiàn
几	several-readings	jī | jǐ
几	multiline-gloss	#* 几座庙 jǐ zuò miào #*: Quelques temples
几	several-readings	jǐ | jī
凫	several-readings	fú | wā
凸	several-readings	tū | tú | dié
击	several-readings	jī | jì | xí
凼	several-readings	dàng | zuò
划	several-readings	huá | huà
划	several-readings	huà | huá
列	several-readings	liè | lì
刘	several-readings	liú | liǔ
创	several-readings	chuāng | chuàng
创	several-readings	chuàng | chuāng
別	several-readings	bié | biè
利	several-readings	lì | biè
削	several-readings	xiāo | xuē
削	several-readings	xuē | xiāo
剝	several-readings	bō | pū
剥	several-readings	bō | pū
創	several-readings	chuāng | chuàng
創	several-readings	chuàng | chuāng
剽	several-readings	piāo | piào
劉	several-readings	liú | liǔ
劳	several-readings	láo | lào
務	several-readings	wù | shēng
勞	several-readings	láo | lào
匕	several-readings	bǐ | huā
匙	several-readings	shī | shi | chí
匙	several-readings	chí | shi
匚	several-readings	cáng | fāng
医	several-readings	yī | yì
匿	several-readings	nì | tè
匿	several-readings	tè | nì
单	several-readings	dān | chán | shàn
卜	several-readings	bǔ | bo
卜	several-readings	bo | bǔ
占	several-readings	zhān | zhàn
占	several-readings	zhàn | zhān
卷	several-readings	juǎn | quán | juàn
厂	several-readings	chǎng | hàn | hǎn | ān
厂	several-readings	hàn | hǎn | chǎng | ān
厂	several-readings	ān | hàn | hǎn | chǎng
县	several-readings	xiàn | xuán
參	several-readings	cān | cēn | shēn
參	several-readings	cēn | cān | shēn
发	several-readings	fā | fà
句	several-readings	jù | gōu
另	several-readings	lìng | guǎ
叩	several-readings	kòu | zhī
召	several-readings	zhào | shào
召	several-readings	shào | zhào
叶	several-readings	yè | xié
各	several-readings	gè | gě | hé
吅	several-readings	xuān | sòng
吅	several-readings	sòng | xuān
合	several-readings	hé | gě | qià | gé
吉	several-readings	jí | tòng
吐	several-readings	tǔ | tù
吐	several-readings	tù | tǔ
否	several-readings	pǐ | fǒu
否	several-readings	fǒu | pǐ
吧	several-readings	bā | ba
吧	several-readings	ba | bā
吳	several-readings	wú | yú
吴	several-readings	wú | yú
呆	several-readings	dāi | ái
员	several-readings	yuán | yún | yùn
呵	several-readings	hē | háo
命	several-readings	mìng | màn
咼	no-pinyin	
咽	several-readings	yàn | yān
哈	several-readings	hā | hǎ | hà
哉	several-readings	zāi | dēi
員	several-readings	yuán | yún | yùn
啊	several-readings	a | qiāng
喂	several-readings	wèi | lǎ | wéi
喂	several-readings	lǎ | wéi | wèi
喉	multiline-gloss	* (Anatomie) Gorge. * (Géographie) Gorge. * (Anatomie) Larynx.
喙	invalid-reading	hùi
喜	several-readings	xǐ | xī | chì
單	several-readings	dān | chán | shàn
嘎	several-readings	gā | gá | gǎ
嘘	several-readings	shī | xū
嘘	several-readings	xū | shī
嘲	several-readings	zhāo | cháo
嘲	several-readings	cháo | zhāo
噁	several-readings	è | ě | wū | wù
噁	several-readings	wù | ě | è | wū
噌	several-readings	chēng | cēng
噌	several-readings	cēng | chēng
嚥	several-readings	yàn | yān
场	several-readings	cháng | chǎng
场	several-readings	chǎng | cháng
圻	several-readings	qí | yín
坊	several-readings	fáng | fāng
坊	several-readings	fāng | fáng
坏	several-readings	huài | pī
埔	several-readings	pǔ | bù
埶	no-pinyin	
培	several-readings	péi | pǒu
基	several-readings	jī | sǎo
堇	several-readings	jǐn | qín | jìn
場	several-readings	chǎng | cháng
墨	several-readings	mò | méi | mèi
壞	several-readings	huài | huì
壮	several-readings	zhuàng | qiāng | zhuāng
壯	several-readings	zhuàng | qiāng | zhuāng
声	several-readings	qìng | shēng
处	several-readings	chù | chǔ
夊	invalid-reading	sūi
夷	multiline-gloss	* Étranger, Barbare Note : Désignait les peuples barbares du Nord et de l'Est (Mongol, Toungouses, Coréens, Japonais), habiles à l'arc et dévastateurs.
奇	several-readings	jī | qí
奇	several-readings	qí | jī
奢	several-readings	shē | shá
奢	several-readings	shá | shē
奴	several-readings	nú | hào
妳	several-readings	nǐ | nǎi
妳	several-readings	nǎi | nǐ
姦	several-readings	jiān | yí
娜	several-readings	nà | nuó (nuo2
娜	several-readings	nuó | nuó (nuo2
媮	several-readings	yú | tōu
媮	several-readings	tōu | yú
嫉	no-pinyin	
嬉	several-readings	xī | xǐ
宀	several-readings	bǎo gài tóu | mián
宀	invalid-reading	bǎo gài tóu
宁	several-readings	nìng | zhù | níng
宁	several-readings	níng | zhù | nìng
实	several-readings	shí | zhì
实	several-readings	zhì | shí
宮	no-pinyin	
實	several-readings	shí | zhì
實	several-readings	zhì | shí
寧	several-readings	níng | nìng
封	multiline-gloss	海陵 曰：「这封 书，我 不 好 读得。」 — (海陵佚史 ; d’après Les Écarts du prince Hailing, traduction de Huang San et Oreste Rosenthal, Éditions Philippe Picquier, coll. « Picquier poche » nᵒ 123, 1995, ISBN 2-87730-458-2, p. 138) Hǎilíng yuē: Zhèfēng shū, wǒ bù hǎo dúdé. #*: « — Je ne sais, dit Hailing, s’il convient que je lise cette lettre. »
射	several-readings	shè | yè | yì
将	several-readings	jiàng | jiāng | qiāng
将	several-readings	jiāng | jiàng | qiāng
將	several-readings	jiāng | jiàng
尋	several-readings	xún | xín
尺	several-readings	chǐ | chě
尺	several-readings	chě | chǐ
尿	several-readings	niào | sūi
层	multiline-gloss	* Classificateur pour les objets stratifiés ou composés de plusieurs couches. ** Exemples : la peau, les maisons de plus d'un niveau, les peintures laquées ou encore les films et les pellicules.
屯	several-readings	tún | zhūn
岩	several-readings	yán | lǐng
差	several-readings	chā | chà | chāi | chài | cī | cuō | jiē
巷	several-readings	xiàng | hàng
巷	several-readings	hàng | xiàng
帮	several-readings	bāng | dào
幫	several-readings	bāng | dào
平	several-readings	píng | pián
幸	several-readings	xìng | hán
幹	several-readings	gān | gàn | àn
幹	several-readings	gàn | gān | àn
幺	several-readings	yāo | yào
幾	several-readings	jī | jǐ
幾	multiline-gloss	#* 幾座廟 jǐ zuò miào. #*: Quelques temples
幾	several-readings	jǐ | jī
庄	several-readings	wǔ | zhuāng
庐	several-readings	lú | ㄌㄨˊ
应	several-readings	yīng | yìng
应	several-readings	yìng | yīng
廣	several-readings	guǎng | ān | yǎn
廬	several-readings	lú | ㄌㄨˊ
建	several-readings	jiàn | niàn
弄	several-readings	nòng | lòng
式	several-readings	shì | shǐ
弦	multiline-gloss	* (Chasse, Militaire) Corde d'un arc. * (Musique) Corde d'un instrument à cordes).
弳	no-pinyin	
張	several-readings	zhāng | zhàng
強	several-readings	jiàng | qiáng | qiǎng
強	several-readings	qiáng | jiàng | qiǎng
強	several-readings	qiǎng | jiàng | qiáng
弹	several-readings	dàn | tán
弹	several-readings	tán | dàn
强	several-readings	jiàng | qiáng | qiǎng
强	several-readings	qiáng | jiàng | qiǎng
强	several-readings	qiǎng | jiàng | qiáng
彈	several-readings	tán | dàn
彊	several-readings	jiàng | qiáng | qiǎng
彊	several-readings	qiáng | jiàng | qiǎng
彊	several-readings	qiǎng | jiàng | qiáng
当	several-readings	dāng | dàng
当	several-readings	dàng | dāng
彗	several-readings	hùi | sùi
彗	invalid-reading	hùi
征	several-readings	zhǐ | chéng | zhēng
征	several-readings	zhēng | chéng | zhǐ
待	several-readings	dài | dāi
待	several-readings	dāi | dài
律	several-readings	lǜ | lǚ
御	several-readings	yù | yà
御	several-readings	yà | yù
徵	several-readings	zhǐ | chéng | zhēng
徽	several-readings	huī | hūi
怠	several-readings	dài | xièdài
恶	several-readings	è | ě | wū | wù
恶	several-readings	wù | ě | è | wū
悶	several-readings	mēn | mèn
惠	invalid-reading	hùi
慶	several-readings	qìng | qīng | qiāng
應	several-readings	yīng | yìng
應	several-readings	yìng | yīng
戈	several-readings	gē | hū | hūi | xī
或	several-readings	huò | yù
扇	several-readings	shān | shàn
扇	several-readings	shàn | shān
扌	several-readings	tí zì páng | shǒu
扌	invalid-reading	tí zì páng
扫	several-readings	sào | sǎo
扫	several-readings	sǎo | sào
扬	several-readings	yáng | róu
扶	several-readings	fú | fū | pú
找	several-readings	zhǎo | zhěng
技	several-readings	jì | pàn
投	several-readings	tóu | dòu
折	several-readings	shé | lā | tí | xié | zhé
折	several-readings	zhé | lā | shé | tí | xié
抹	several-readings	mā | mǒ | mò
抹	several-readings	mǒ | mò | mā
拇	several-readings	mǔ | diān | niān | niǎn
拉	several-readings	lā | lá | lǎ | là
拍	several-readings	pāi | pā | bó
拎	several-readings	līn | līng
拓	several-readings	tuò | tà | zhí
拓	several-readings	tà | tuò | zhí
拜	several-readings	bài | bái
挝	several-readings	wō | zhuā
挝	several-readings	zhuā | wō
换	several-readings	huàn | lì
捲	several-readings	juǎn | quán | juàn
掃	several-readings	sào | sǎo
揚	several-readings	yáng | róu
搞	several-readings	gǎo | qiāo
撮	several-readings	cuō | zuǒ
撾	several-readings	wō | zhuā
撾	several-readings	zhuā | wō
擊	several-readings	jī | jì | xí
操	several-readings	cào | cāo
操	several-readings	cāo | cào
敲	several-readings	qiāo | cù | shǔ | shuò
數	several-readings	shǔ | shù
數	several-readings	shù | shǔ
斋	several-readings	zhāi | qī
斑	several-readings	bān | dòu
斗	several-readings	dòu | dǒu
料	several-readings	liào | liáo
昆	several-readings	kūn | hún | hùn
昌	several-readings	chāng | chàng
晴	several-readings	qíng | zhěng
晻	several-readings	àn | mǐng
暖	several-readings	nuǎn | xuān
暗	several-readings	àn | mǐng
曲	several-readings	qū | qǔ
曲	several-readings	qǔ | qū
更	several-readings	gèng | gēng
更	several-readings	gēng | gèng
會	several-readings	huì | kuài | kuò
會	several-readings	kuài | huì | kuò
服	several-readings	fú | bì | fù
术	several-readings	měi | suì
杯	several-readings	bēi | chūn
构	several-readings	gòu | gōu
析	several-readings	{{{2}}} | xī
析	invalid-reading	{{{2}}}
枝	several-readings	zhī | qí
枪	several-readings	qiāng | chēng
柏	several-readings	bǎi | bó | bò
某	several-readings	mǒu | qián
柒	several-readings	qī | jiǎ | yā
柚	several-readings	yòu | yóu | zhú
柜	several-readings	guì | jǔ
查	several-readings	chá | zhā
查	several-readings	zhā | chá
栈	several-readings	zhàn | chén | zhǎn
栗	several-readings	lì | yí
校	several-readings	xiào | jiào
校	several-readings	jiào | xiào
核	several-readings	hé | hú
條	several-readings	tiáo | tāo | tiāo
棧	several-readings	zhàn | chén | zhǎn
棧	several-readings	zhǎn | chén | zhàn
棧	several-readings	chén | zhàn | zhǎn
棹	several-readings	zhào | zhuō
椎	several-readings	zhuī | chuí
椎	several-readings	chuí | zhuī
椒	several-readings	jiāo | zì
楂	several-readings	zhā | chá
楷	several-readings	kǎi | jiè
槍	several-readings	qiāng | chēng
様	several-readings	kǎn | yàng
樂	several-readings	lè | liáo | luò | yào | yuè
樂	several-readings	yuè | lè | liáo | luò | yào
模	several-readings	mó | mú
模	several-readings	mú | mó
横	several-readings	héng | hèng
横	several-readings	hèng | héng
橫	several-readings	héng | hèng
橫	several-readings	hèng | héng
次	several-readings	cì | zī
止	no-pinyin	
此	several-readings	wǎi | cǐ
殼	several-readings	ké | qiào
毒	several-readings	dú | dài
比	several-readings	bǐ | bì | pí | pǐ
毡	several-readings	zhān | zhānbǐ
毫	several-readings	wǎ | háo
氈	several-readings	zhān | zhānbǐ
氏	several-readings	shì | zhī | jīng
氏	multiline-gloss	* Utilisé dans 月氏 (Yuèzhī), nom d'un ancien pays formé par les Xiongnu (ou Huns). * Utilisé dans 阏氏 (閼氏, yānzhī), nom donné aux épouses des chefs Xiongnu (ou Huns).
汁	several-readings	zhī | shī | xié
汉	several-readings	hàn | yì
汙	several-readings	wū | wā | yū
汚	several-readings	wū | wā | wù | yū
池	several-readings	chí | chè | tuó
污	several-readings	wū | wā | wù | yū
汪	several-readings	hóng | wāng | wǎng
沈	several-readings	chén | shěn
沒	several-readings	méi | mò
沒	several-readings	mò | méi
沖	several-readings	chōng | chòng | shà | suō
沖	several-readings	chòng | chōng | shà | suō
油	several-readings	yóu | yòu
泡	several-readings	pào | pāo
波	several-readings	bō | bēi | bì
泽	several-readings	zé | duó | shì | yì
洁	several-readings	jié | jí
派	several-readings	pài | bài | mài | pā
济	several-readings	jì | jǐ
济	several-readings	jǐ | jì
浏	several-readings	liú | liū
浑	several-readings	hún | hún (hun
浜	several-readings	bāng | bīn
浩	several-readings	hào | gé | gǎo
浪	several-readings	làng | láng
淀	several-readings	diàn | chén
淡	several-readings	yàn | dàn | tán | yǎn
深	several-readings	shēn | zhūn | zhǔn
淳	several-readings	chún | zhūn | zhǔn
淺	several-readings	qiǎn | jiān
渡	several-readings	dù | fēng
温	multiline-gloss	* Doux, tendre. * (Climatologie, Météorologie, Métrologie) Tiède, doux, chaud.
渴	several-readings	kě | hé | jié
渾	several-readings	hún | hún (hun
湯	several-readings	tāng | shāng
溫	multiline-gloss	* Doux, tendre. * Tiède, doux, chaud.
溴	several-readings	xiù | chòu
溺	several-readings	nì | niào
滊	several-readings	qì | xì (xi
滊	several-readings	xì | xì (xi
滊	several-readings	xiē | xì (xi
潔	several-readings	jié | jí
澡	several-readings	zǎo | cāo
澱	several-readings	diàn | chén
濟	several-readings	jì | jǐ
濟	several-readings	jǐ | jì
濯	several-readings	zhuó | shuò | zhào
瀏	several-readings	liú | liū
炮	several-readings	pào | bāo | páo
炮	several-readings	bāo | páo | pào
炸	several-readings	zhá | zhà
為	several-readings	wèi | wéi
為	several-readings	wéi | wèi
燕	several-readings	yàn | yān
燕	several-readings	yān | yàn
爆	several-readings	bào | bó
爪	several-readings	zhǎo | zhuǎ
爬	several-readings	pá | bà
爭	several-readings	zhēng | zhèng
版	several-readings	bǎn | cōng
牟	several-readings	móu | mù
狍	several-readings	páozi | páo | xuè
狍	invalid-reading	páozi
猎	several-readings	liè | què | xí
獃	several-readings	dāi | ái
獭	several-readings	tà | tǎ
獵	several-readings	liè | què | xí
獺	several-readings	tà | tǎ
率	several-readings	lǜ | lüè | shuài
理	several-readings	lǐ | lài
瓦	several-readings	wǎ | wà
瓩	several-readings	qiānwǎ | qiánwǎ
瓩	invalid-reading	qiānwǎ
甲	several-readings	jiǎ | shèng | tián | yìng
町	several-readings	tǐng | dīng | tīng | zhèng | tiǎn
町	several-readings	zhèng | dīng | tīng | tǐng | tiǎn
畝	several-readings	mǔ | xí
番	several-readings	fān | bō | fán | pān | pán | pí | pó
番	several-readings	bō | fān | fán | pān | pán | pí | pó
畫	several-readings	huà | shē
當	several-readings	dāng | dàng
當	several-readings	dàng | dāng
症	several-readings	zhèng | zhēng
癌	several-readings	ái | yán
登	several-readings	dēng | dé
發	several-readings	fā | bō
相	several-readings	xiāng | xiàng
相	several-readings	xiàng | xiāng
着	several-readings	zhāo | zháo | zhe | zhù | zhuó
着	several-readings	zháo | zhāo | zhe | zhù | zhuó
着	several-readings	zhe | zhāo | zháo | zhù | zhuó
着	several-readings	zhù | zhāo | zháo | zhe | zhuó
着	several-readings	zhuó | zhāo | zháo | zhe | zhù
睪	several-readings	gāo | yì | zé
睪	several-readings	zé | gāo | yì
睾	several-readings	gāo | hào
砲	several-readings	pào | bāo | páo
硁	several-readings	qìng | kēng
硅	several-readings	guī | xī
硜	several-readings	qìng | kēng
硫	several-readings	liú | chù
磷	several-readings	lín | lìn
禁	several-readings	jīn | jìn
禁	several-readings	jìn | jīn
禅	several-readings	chán | shàn | tán
禅	several-readings	shàn | chán | tán
福	several-readings	fú | fù
福	multiline-gloss	* Prénom Fu. * Abréviation désignant la province de Fujian (福建 fújiàn \fu˧˥ t͡ɕi̯ɛn˥˩\), dans l'est de la Chine, ou encore la province du même nom à Taiwan (Fukien localement). * Abréviation désignant la ville de Fuzhou (福州 fúzhōu \fu˧˥ ʈ͡ʂoʊ̯˥\), capitale de Fujian.
禪	several-readings	chán | shàn | tán
禪	several-readings	shàn | chán | tán
离	several-readings	lí | chī | lì
種	several-readings	zhǒng | chóng | zhòng
種	several-readings	zhòng | chóng | zhǒng
穗	invalid-reading	sùi
穷	several-readings	qióng | xī
窗	several-readings	chuāng | cōng
窮	several-readings	qióng | xī
笛	several-readings	dī | dí
笺	several-readings	jiān | zhàn
笼	several-readings	lǒng | lóng
箘	several-readings	jùn | qūn
箫	several-readings	xiāo | xiǎo
簫	several-readings	xiāo | xiǎo
籠	several-readings	lóng | lǒng
籠	several-readings	lǒng | lóng
粤	several-readings	yuè | yù | zhù
糕	several-readings	gāo | méi
糸	several-readings	mì | sī
索	several-readings	suǒ | suǒ (suo
紧	several-readings	jǐn | chōu
絃	multiline-gloss	* (Chasse, Militaire) Corde d'un arc. * (Musique) Corde d'un instrument à cordes).
結	several-readings	jiē | jié
結	several-readings	jié | jiē
給	several-readings	gěi | jǐ
綜	several-readings	zōng | zòng
綢	several-readings	chóu | tāo
緊	several-readings	jǐn | chōu
緣	several-readings	yuán | yuàn
縣	several-readings	xiàn | xuán
繙	several-readings	fān | fán
纍	several-readings	lèi | liè | lǜ | léi | lěi
纍	several-readings	léi | lèi | liè | lǜ | lěi
纍	several-readings	lěi | lèi | liè | lǜ | léi
纤	several-readings	qiàn | xiān
约	several-readings	yuē | jǐ
结	several-readings	jiē | jié
结	several-readings	jié | jiē
绸	several-readings	chóu | tāo
综	several-readings	zōng | zòng
缘	several-readings	yuán | yuàn
缹	several-readings	fǒu | xiàng
習	multiline-gloss	请习近平记住这个画面：習仲勋文革中被批斗。 — (« 文革50年：请习近平勿让此景再现中國必须再次反文革 », 博聞社, 16 mai 2016) Qǐng Xí Jìnpíng jì zhù zhège huàmiàn: Xí Zhòngxūn WénGé zhōng bèi pīdòu. #*: S’il vous plaît, Xi Jinping, souvenez-vous de cette image : Xi Zhongxun a été critiqué pendant la Révolution culturelle.
耐	several-readings	nài | nǎi | néng
耒	several-readings	lěi | máo | mào
肌	several-readings	jī | jì
肥	several-readings	féi | bǐ
肫	several-readings	chún | zhūn
背	several-readings	bèi | bēi
背	several-readings	bēi | bèi
胖	several-readings	pàng | bǎn | pán | pàn
胞	several-readings	bāo | pāo | páo | pào
胰	several-readings	yí | gǎi | gěi | hǎi
脉	several-readings	mài | mò
脊	several-readings	jǐ | jí
脏	several-readings	zāng | zàng
脏	several-readings	zàng | zāng
脚	several-readings	jiǎo | jué
腌	several-readings	ā | ān | yān
腳	several-readings	jiǎo | jué
膀	several-readings	bǎng | páng
膀	several-readings	páng | bǎng
臣	several-readings	cáng | chén | zāng | zàng
臭	no-pinyin	
致	several-readings	{{{2}}} | zhì | zhùi
致	invalid-reading	{{{2}}}
臺	several-readings	tái | tāi (tai
與	several-readings	yú | yǔ | yù
與	several-readings	yǔ | yú | yù
興	several-readings	xìng | xīng
興	several-readings	xīng | xìng
舛	several-readings	chuán | chuǎn | xiāng
舡	several-readings	chuán | xiāng
艘	several-readings	sōu | sāo
色	several-readings	sè | shǎi
色	several-readings	shǎi | sè
芋	several-readings	yù | yǔ
芥	several-readings	gài | jiè
芯	several-readings	xīn | xìn
芯	several-readings	xìn | xīn
苔	several-readings	tái | tāi
若	several-readings	ruò | ré | rě | rè
苦	several-readings	kǔ | gǔ | hù
茸	several-readings	róng | rǒng
草	several-readings	cǎo | zào
荡	several-readings	dàng | xūn
莲	several-readings	lián | liǎn
菌	several-readings	jūn | jùn
菠	several-readings	bō | sī
華	several-readings	huà | huá
菲	several-readings	fēi | fěi
菲	several-readings	fěi | fēi
葉	several-readings	yè | xié
著	several-readings	zhāo | chú | zháo | zhe | zhù | zhuó
著	several-readings	zháo | chú | zhāo | zhe | zhù | zhuó
著	multiline-gloss	Cette particule, placée derrière un verbe permet d'indiquer que l'action est progressive, qu'elle se déroule dans la durée. Lorsque cette particule est placée entre deux prédicats, elle peut avoir trois utilisations distinctes * Le second survient pendant le premier. * Le premier est la manière dont est effectuée le second. * Le premier est utilisé pour parvenir accomplir le second.
著	several-readings	zhuó | chú | zhāo | zháo | zhe | zhù
葛	several-readings	gé | gě
葱	several-readings	cōng | chuāng
葵	several-readings	kúi | kuí
葵	invalid-reading	kúi
蓮	several-readings	lián | liǎn
蔔	several-readings	bo | bó
蔥	several-readings	cōng | chuāng
蔬	several-readings	shū | shǔ | xū
蘑	several-readings	mó | jiǒng
虜	no-pinyin	
號	several-readings	hào | háo
蚂	several-readings	mā | mǎ | mà
蚂	several-readings	mǎ | mā | mà
蚂	several-readings	mà | mā | mǎ
蚌	several-readings	bàng | bèng
蛙	several-readings	wā | jué
蛻	several-readings	tuì | yuè
蜓	several-readings	tíng | diàn
蜕	several-readings	tuì | yuè
蜻	several-readings	qīng | jīng | jìng
蝉	several-readings	chán | tí | shàn
蝦	several-readings	xiā | há | jiǎ
螞	several-readings	mā | mǎ | mà
螞	several-readings	mǎ | mā | mà
螞	several-readings	mà | mā | mǎ
蟬	several-readings	chán | tí | shàn
蟹	several-readings	chán | dàn | tuó | xiè
血	several-readings	xuè | xiě
衍	several-readings	yǎn | yán
術	several-readings	shù | měi | suì
衝	several-readings	chōng | chǒng | chòng
袍	several-readings	páo | bào
覺	several-readings	jiào | jué
覺	several-readings	jué | jiào
觀	several-readings	guān | guàn
觀	several-readings	guàn | guān
观	several-readings	guān | guàn
观	several-readings	guàn | guān
觉	several-readings	jiào | jué
觉	several-readings	jué | jiào
角	several-readings	jué | jiǎo
解	several-readings	jiě | jiè | xiè
討	several-readings	tǎo | nà
設	several-readings	shè | shí | zhì
說	several-readings	shuō | shuì | tuō | yuè
說	several-readings	shuì | shuō | tuō | yuè
誰	several-readings	shéi | shuí
調	several-readings	diào | tiáo
調	several-readings	tiáo | diào
論	several-readings	lùn | lún
諧	several-readings	xié | tǒu
識	several-readings	shí | shì | zhì
識	several-readings	zhì | shì
讨	several-readings	tǎo | nà
论	several-readings	lùn | lún
设	several-readings	shè | shí | zhì
识	several-readings	shí | shì | zhì
识	several-readings	zhì | shì
调	several-readings	diào | tiáo
谐	several-readings	xié | tǒu
谷	several-readings	gǔ | yù
谷	several-readings	yù | gǔ
豊	several-readings	fēng | lǐ
豊	several-readings	lǐ | fēng
負	several-readings	fù | yì
責	several-readings	zé | zhài
貴	several-readings	guì | gùi
賣	several-readings	mài | nā
贅	invalid-reading	zhùi
责	several-readings	zé | zhài
赘	invalid-reading	zhùi
赶	several-readings	gǎn | qián
超	several-readings	chāo | chǎo | chào | tiào
越	several-readings	yuè | huó
越	several-readings	huó | yuè
趕	several-readings	gǎn | qián
趟	several-readings	tàng | tāng | zhēng
路	several-readings	lù | luò
蹟	several-readings	jì | jī
軒	several-readings	xuān | hǎn | jiān | xiǎn | xiàn
載	several-readings	zǎi | zài | dài | zāi | zī
載	several-readings	zài | dài | zāi | zī
轉	several-readings	zhuǎn | zhuàn | zhuǎi
转	several-readings	zhuǎn | zhuàn | zhuǎi
载	several-readings	zài | dài | zāi | zī
辩	several-readings	biàn | biǎn | pián
辯	several-readings	biàn | biǎn | pián
达	several-readings	dá | tà
迎	several-readings	yíng | yìng
迫	several-readings	pò | pǎi
逆	several-readings	nì | suàn
递	several-readings	dài | dì | shì
這	several-readings	zhè | zhè (zhe
連	several-readings	lián | liǎn | liàn
逺	several-readings	yuǎn | yuàn
遊	several-readings	yóu | guō | guo | huò
過	several-readings	guò | guō | huò
達	several-readings	dá | tà
遞	several-readings	dài | dì | shì
遠	several-readings	yuǎn | yuàn
還	several-readings	hái | huán
還	several-readings	huán | hái
邊	several-readings	biān | biān (bian
邪	several-readings	xié | yé | yá | yú | xú
醉	invalid-reading	zùi
醋	several-readings	cù | tǐ
醫	several-readings	yī | yì
量	several-readings	liàng | liáng
量	several-readings	liáng | liàng
鈇	several-readings	fū | fǔ
鈹	several-readings	pí | pī
鉀	several-readings	jiǎ | hé
鉈	several-readings	tā | shī | tuó
鉛	several-readings	qiān | yán
鉭	several-readings	tǎn | dàn
鉻	several-readings	gè | gé | luò
銻	several-readings	tī | tí
鎘	several-readings	gé | lì
鎮	several-readings	zhèn | tián | zhēn
针	several-readings	zhēn | qián
钍	several-readings	wū | tǔ
钐	several-readings	shān | shàn
钒	several-readings	fán | xī
钾	several-readings	jiǎ | hé
铅	several-readings	qiān | yán
铊	several-readings	tā | shī | tuó
铋	several-readings	bì | pí
铍	several-readings	pí | pī
铪	several-readings	hā | jiá | kē
铬	several-readings	gè | gé | luò
锑	several-readings	tī | tí
锔	several-readings	wū | jū | jú
镄	several-readings	wū | fèi
镉	several-readings	gé | lì
長	no-pinyin	
門	several-readings	mén | yán
闇	several-readings	àn | ān | yǎn | yīn
闷	several-readings	mēn | mèn
陆	several-readings	liù | lù
险	several-readings	xiǎn | yán
陵	several-readings	dào | líng | yáo
陶	several-readings	táo | yáo | dào
陶	several-readings	yáo | táo | dào
陸	several-readings	liù | lù
險	several-readings	xiǎn | yán
隹	no-pinyin	
雜	several-readings	zá | sǔi
離	several-readings	lí | chī | lì
難	several-readings	nán | nàn | nuó
雷	several-readings	léi | lèi
霞	several-readings	xiá | mài
革	several-readings	gé | jí | jǐ
頃	several-readings	qǐng | qīng
領	several-readings	lǐng | gé | hán | hàn | qīn
頰	several-readings	jiá | tǐng
顫	several-readings	chàn | shān | zhàn
颂	several-readings	róng | sòng
颤	several-readings	chàn | shān | zhàn
颱	several-readings	tái | tāi (tai
飲	several-readings	yǐn | yìn
餐	several-readings	cān | cān (can
餡	several-readings	xiàn | kàn
餳	several-readings	xíng | táng
饢	several-readings	náng | nǎng
饧	several-readings	xíng | táng
饮	several-readings	yǐn | yìn
馕	several-readings	náng | nǎng
騷	several-readings	sāo | sǎo | xiāo
驛	several-readings	yì | yì (yi
驿	several-readings	yì | yì (yi
骚	several-readings	sāo | sǎo | xiāo
骰	several-readings	tóu | gǔ
骰	several-readings	gǔ | tóu
鬲	several-readings	gé | lì
魂	several-readings	hún | bó | tuò
鮭	several-readings	gūi | huà | kúi | wā | xié
鮭	invalid-reading	gūi
鮮	several-readings	xiǎn | xiān | xiàn
鯨	several-readings	jīng | qíng
鰐	several-readings	è | xǐ
鰩	several-readings	yáo | yóng
鲑	several-readings	gūi | huà | kúi | wā | xié
鲑	invalid-reading	gūi
鲜	several-readings	xiǎn | xiān | xiàn
鳐	several-readings	yáo | páng
鴉	several-readings	wūyā | yā
鴉	invalid-reading	wūyā
鸠	several-readings	jiū | zhì
鸦	several-readings	wūyā | yā
鸦	invalid-reading	wūyā
鸨	several-readings	bǎo | háng
黍	several-readings	shǔ | niān | zhān
點	several-readings	diǎn | duò | zhān
黾	several-readings	mǐn | méng | měng | miǎn
齋	several-readings	zhāi | qī
龖	no-pinyin	
龜	several-readings	guī | qiū | jūn
龠	several-readings	hè | huò | yuè
凛冽	no-pinyin	
坚硬	no-pinyin	
静悄悄	no-pinyin	
小姐	several-readings	xiǎojiě | xiǎojie
但是	multiline-gloss	#* 虽然今天天气晴朗，但是很冷。 suīrán jīntiān tiānqì qínglǎng, dànshì hěn lěng. #*: (Bien que)il y a un beau temps aujourd'hui, mais il fait froid.
阿布扎比	several-readings	Ābùzhābǐ | Ābùzābǐ
美術	no-pinyin	
美術館	no-pinyin	
太陽	invalid-reading	taìyáng
教育	several-readings	jiàoxùn | jiàoyù
和服	several-readings	héfú | héfù
修道院	no-pinyin	
阿爾及爾	no-pinyin	
麥加	no-pinyin	
索菲亞	no-pinyin	
阿亨	no-pinyin	
根特	no-pinyin	
列支敦斯登	no-pinyin	
那不勒斯	no-pinyin	
皮卡第	no-pinyin	
馬提尼克	no-pinyin	
洛林	no-pinyin	
比利牛斯山	no-pinyin	
阿尔卑斯山	no-pinyin	
斯洛文尼亚	no-pinyin	
巴勒莫市	no-pinyin	
马约特	no-pinyin	
葛摩	several-readings	Gěmó | Kēmóluó
巴西利亚	no-pinyin	
拉脫維亞	no-pinyin	
车臣	no-pinyin	
巴库	no-pinyin	
安道爾城	no-pinyin	
土库曼斯坦	no-pinyin	
秘鲁	no-pinyin	
神奇宝贝	no-pinyin	
數獨	no-pinyin	
安達魯西亞	no-pinyin	
南特	no-pinyin	
蘇格蘭	no-pinyin	
明信片	no-pinyin	
契昆根亞熱	no-pinyin	
拉巴特	no-pinyin	
冈比亚	no-pinyin	
圣皮埃尔和密克隆群岛	no-pinyin	
大溪地	no-pinyin	
木卫二	no-pinyin	
亞歐大陸	no-pinyin	
東加	no-pinyin	
赞比西河	no-pinyin	
新幾內亞	no-pinyin	
下萨克森	no-pinyin	
萊茵河	no-pinyin	
基多	no-pinyin	
特兰西瓦尼亚	no-pinyin	
黑海	invalid-reading	heīhaǐ
休息	several-readings	xiūxī | xiūxi
苏丹共和国	no-pinyin	
贝宁	no-pinyin	
莫桑比克	no-pinyin	
永珍	no-pinyin	
達喀爾	no-pinyin	
巴拉圭	no-pinyin	
復活節	no-pinyin	
格鲁吉亚	no-pinyin	
喬治亞州	no-pinyin	
高加索山脉	no-pinyin	
加里西亚	no-pinyin	
佛得角	no-pinyin	
布拉格	no-pinyin	
蒙特利尔	no-pinyin	
千里達及托巴哥	no-pinyin	
约旦	no-pinyin	
安提瓜和巴布达	no-pinyin	
冰冻三尺，非一日之寒	non-han-title	
洪都拉斯	no-pinyin	
厸	no-pinyin	
斐濟	no-pinyin	
約旦河西岸地區	no-pinyin	
卡塔尔	no-pinyin	
乌干达	no-pinyin	
卢旺达	no-pinyin	
利比里亚	no-pinyin	
馬略卡	no-pinyin	
安哥拉	no-pinyin	
荷属安的列斯	no-pinyin	
沙特阿拉伯	no-pinyin	
阿魯巴	no-pinyin	
可持续发展	no-pinyin	
巴哈马	no-pinyin	
巴林	no-pinyin	
瓦努阿图	no-pinyin	
圖瓦盧	no-pinyin	
热那亚	no-pinyin	
加沙地带	no-pinyin	
里加	no-pinyin	
蒙特尼哥羅	no-pinyin	
罗马市	no-pinyin	
德意志	no-pinyin	
阿森松岛	no-pinyin	
基督升天日	no-pinyin	
波斯尼亚和黑塞哥维那	no-pinyin	
溫哥華	no-pinyin	
芬蘭	no-pinyin	
塞尔维亚和黑山	no-pinyin	
叙利亚	no-pinyin	
新喀里多尼亞	no-pinyin	
比萨	no-pinyin	
加利西亚	no-pinyin	
五旬節	no-pinyin	
英吉利海峡	no-pinyin	
芒什省	no-pinyin	
亚得里亚海	no-pinyin	
波罗的海	no-pinyin	
愛爾蘭海	no-pinyin	
马尔马拉海	no-pinyin	
拗口令	no-pinyin	
亞速海	no-pinyin	
圣文森特和格林纳丁斯	no-pinyin	
加纳	no-pinyin	
科威特	no-pinyin	
科特迪瓦	no-pinyin	
瓦利斯及富圖納群島	no-pinyin	
苏格兰盖尔语	invalid-reading	sūgélángàiěryǔ
盖尔语	invalid-reading	gàiěryǔ
锡拉库萨	no-pinyin	
委內瑞拉	no-pinyin	
马尔代夫	no-pinyin	
何故	several-readings	hégù | wèishénme
蘇利南	no-pinyin	
孟加拉国	no-pinyin	
加蓬	no-pinyin	
吉布地	no-pinyin	
塞舌尔	no-pinyin	
斯威士兰	no-pinyin	
澤西島	no-pinyin	
法屬圭亞那	no-pinyin	
法屬玻里尼西亞	no-pinyin	
赫尔辛基	no-pinyin	
撒哈拉沙漠	no-pinyin	
尼加拉瓜	no-pinyin	
冥王星	no-pinyin	
危地马拉	no-pinyin	
瓜地馬拉市	no-pinyin	
伯利兹	no-pinyin	
佛羅倫薩	no-pinyin	
紐埃	no-pinyin	
直布罗陀	no-pinyin	
根西岛	no-pinyin	
阿姆斯特丹	no-pinyin	
巴拿马	no-pinyin	
蒙特塞拉特	no-pinyin	
格拉纳达	no-pinyin	
格陵兰	no-pinyin	
几内亚	no-pinyin	
密克罗尼西亚联邦	no-pinyin	
浅黄绿色	no-pinyin	
多明尼加共和國	no-pinyin	
捷克	several-readings	jièkè | jié kè
中非共和國	no-pinyin	
圣赫勒拿岛	no-pinyin	
圣卢西亚	no-pinyin	
西撒哈拉	no-pinyin	
尼罗河	no-pinyin	
關島	no-pinyin	
梵蒂冈	no-pinyin	
东帝汶	no-pinyin	
厄立特里亚	no-pinyin	
美屬薩摩亞	no-pinyin	
帛琉	no-pinyin	
莱索托	no-pinyin	
圣多美普林西比	no-pinyin	
斯里蘭卡	no-pinyin	
托克劳	no-pinyin	
聖克里斯多福與尼維斯	no-pinyin	
澳洲野犬	no-pinyin	
大不列顛島	no-pinyin	
北爱尔兰	no-pinyin	
波多黎各	no-pinyin	
皮特凯恩群岛	no-pinyin	
尼日尔河	no-pinyin	
尼日尔	no-pinyin	
库克群岛	no-pinyin	
瑙鲁	no-pinyin	
馬其頓共和國	no-pinyin	
马其顿	no-pinyin	
庫爾德斯坦	no-pinyin	
文字学	no-pinyin	
爱尔兰共和国	invalid-reading	Aì'ěrlán Gònghéguo
伊拉克	no-pinyin	
¥	non-han-title	
美屬維爾京群島	no-pinyin	
英屬維爾京群島	no-pinyin	
選手	several-readings	xuǎnshǒu | xuánshǒu
開曼群島	no-pinyin	
布吉納法索	no-pinyin	
特克斯與凱科斯群島	no-pinyin	
所罗门群岛	no-pinyin	
刚果共和国	no-pinyin	
北马里亚纳群岛	no-pinyin	
曼島	no-pinyin	
福克兰群岛	no-pinyin	
美国本土外小岛屿	no-pinyin	
蒲隆地	no-pinyin	
不丹	no-pinyin	
多米尼克	no-pinyin	
加那利群岛	no-pinyin	
厄瓜多尔	no-pinyin	
巴利阿里群島	no-pinyin	
阿什莫尔和卡捷岛	no-pinyin	
阿布哈茲	no-pinyin	
科科斯(基林)群岛	non-han-title	
休达	no-pinyin	
梅利利亚	no-pinyin	
英屬印度洋領地	no-pinyin	
法罗群岛	no-pinyin	
德涅斯特河沿岸共和国	no-pinyin	
南奥塞梯	no-pinyin	
圣诞岛	no-pinyin	
基里地馬地島	no-pinyin	
斯瓦尔巴群岛	no-pinyin	
揚馬延島	no-pinyin	
南乔治亚和南桑威奇群岛	no-pinyin	
布韦岛	no-pinyin	
印度洋	no-pinyin	
印度河	no-pinyin	
班基	no-pinyin	
胰岛素	no-pinyin	
北冰洋	no-pinyin	
墨西哥湾	no-pinyin	
阿斯特拉罕	no-pinyin	
伏尔加河	no-pinyin	
雷克亞維克	no-pinyin	
伯利恆	no-pinyin	
乙醇	no-pinyin	
安曼	no-pinyin	
弗朗什孔泰	no-pinyin	
林业	no-pinyin	
杜省	no-pinyin	
莫尔比昂省	no-pinyin	
元旦	no-pinyin	
奥尔良	no-pinyin	
路易斯安那州	no-pinyin	
布加勒斯特	no-pinyin	
普罗夫迪夫	no-pinyin	
布爾加斯	no-pinyin	
芝加哥	no-pinyin	
蒙贝利亚尔	no-pinyin	
示波器	no-pinyin	
瓜達拉哈拉省	no-pinyin	
塞纳河	no-pinyin	
复活节彩蛋	no-pinyin	
新墨西哥州	no-pinyin	
不到长城非好汉	no-pinyin	
南希	no-pinyin	
红霉素	no-pinyin	
发誓	invalid-reading	fà.shì
过于	invalid-reading	guò.yú
避讳	invalid-reading	bì.huì
米蘭	no-pinyin	
南卡罗来纳州	no-pinyin	
北卡罗莱那州	no-pinyin	
魁北克市	no-pinyin	
上諾曼地	no-pinyin	
下诺曼底	no-pinyin	
墨西拿	no-pinyin	
以利沙	no-pinyin	
以利亞	no-pinyin	
赫西奥德	several-readings	Hèxī’àodé | Hèxī'àodé
阿里斯托芬	no-pinyin	
亚里士多德	no-pinyin	
伊壁鸠鲁	no-pinyin	
欧西里斯	no-pinyin	
厽	no-pinyin	
索尔	no-pinyin	
奥丁	no-pinyin	
梵天	no-pinyin	
毗湿奴	no-pinyin	
洛基	no-pinyin	
佩鲁贾	no-pinyin	
人畜共通傳染病	no-pinyin	
普魯塔克	no-pinyin	
埃斯库罗斯	no-pinyin	
索福克勒斯	no-pinyin	
欧里庇得斯	no-pinyin	
伊索	no-pinyin	
灰鹤	no-pinyin	
大海雀	no-pinyin	
皇帝企鹅	no-pinyin	
阿提拉	no-pinyin	
卢瓦尔河	no-pinyin	
卢瓦尔省	no-pinyin	
麦哲伦企鹅	no-pinyin	
漢波德企鵝	no-pinyin	
加岛环企鹅	no-pinyin	
阿提卡	no-pinyin	
撒馬利亞	no-pinyin	
法国大革命	no-pinyin	
雅库茨克	no-pinyin	
新西伯利亞	no-pinyin	
德累斯頓	no-pinyin	
鄂畢河	no-pinyin	
勒拿河	no-pinyin	
泰晤士河	no-pinyin	
滨海塞纳省	no-pinyin	
阿卡迪亞	no-pinyin	
紐賓士域	no-pinyin	
火地群岛	no-pinyin	
巴塔哥尼亞	no-pinyin	
新南威爾士州	no-pinyin	
新地岛	no-pinyin	
黑森林	no-pinyin	
博登湖	no-pinyin	
布里亚特共和国	no-pinyin	
葉尼塞河	no-pinyin	
阿卡迪亚	no-pinyin	
伯罗奔尼撒	no-pinyin	
托萊多	no-pinyin	
多佛尔	no-pinyin	
北領地	no-pinyin	
塔斯馬尼亞州	no-pinyin	
西北地区	no-pinyin	
努那福特	no-pinyin	
緬尼托巴	no-pinyin	
波河	no-pinyin	
西澳大利亚州	no-pinyin	
利馬	no-pinyin	
提契諾州	no-pinyin	
達爾馬提亞	no-pinyin	
布列塔尼	no-pinyin	
卢塞恩	several-readings	Lúsài'ēn | Lúsài
苏黎世	no-pinyin	
米卢斯	no-pinyin	
利古里亞	no-pinyin	
葉里溫	no-pinyin	
摩加迪休	no-pinyin	
贝尔加莫	no-pinyin	
巴厘岛	no-pinyin	
加龍河	no-pinyin	
盧爾德	no-pinyin	
薩克斯風	no-pinyin	
康茂德	no-pinyin	
科莫多島	no-pinyin	
北京市	no-pinyin	
卢布尔雅那	no-pinyin	
维特雷	no-pinyin	
突尼斯市	no-pinyin	
萨格勒布	no-pinyin	
塔林	no-pinyin	
波德戈里察	no-pinyin	
巴馬科	no-pinyin	
萨那	no-pinyin	
尼亞美	no-pinyin	
拉萨市	no-pinyin	
恩賈梅納	no-pinyin	
苏克雷	no-pinyin	
明斯克市	no-pinyin	
杜尚别	no-pinyin	
穿山甲属	no-pinyin	
金边	no-pinyin	
爱丁堡	no-pinyin	
格拉斯哥	no-pinyin	
普罗旺斯地区艾克斯	no-pinyin	
亞維農	no-pinyin	
瓦兹省	no-pinyin	
乳糖	no-pinyin	
巴斯蒂亚	no-pinyin	
不来梅	no-pinyin	
基尔	no-pinyin	
班加羅爾	no-pinyin	
拉合爾	no-pinyin	
麦纳麦	no-pinyin	
白沙瓦	no-pinyin	
烏里州	no-pinyin	
奈费尔提蒂	no-pinyin	
安那托利亚	no-pinyin	
美因茨	no-pinyin	
達爾富爾	no-pinyin	
麥工作	no-pinyin	
該隱	no-pinyin	
西里西亞	no-pinyin	
布爾諾	no-pinyin	
萊比錫	no-pinyin	
漢諾威	no-pinyin	
地拉那	no-pinyin	
圣艾蒂安	no-pinyin	
湖南省	several-readings	húnánshěng | húnán
吸血鬼	several-readings	xīxuèguǐ | xīxuěguǐ | xīxiěguǐ
尼斯	no-pinyin	
阿登省	no-pinyin	
环法自行车赛	no-pinyin	
塞拉耶佛	no-pinyin	
同性恋	no-pinyin	
婊子養的	no-pinyin	
非纳粹化	no-pinyin	
の	non-han-title	
種類	invalid-reading	zhǒngleì
会社	several-readings	huìshè | shèhuì
道場	several-readings	dàochǎng | dàocháng
博物馆学	no-pinyin	
渗透	no-pinyin	
眉毛	several-readings	méimao | méimáo
雷恩	no-pinyin	
东西	several-readings	dōngxī | dōngxi
东西	several-readings	dōngxi | dōngxī
東西	several-readings	dōngxī | dōngxi
東西	several-readings	dōngxi | dōngxī
乒乓球	several-readings	pīngpāng qiú | pīngpāngqiú
背包	several-readings	bèibāo | bēibāo
梯形	no-pinyin	
語源學	several-readings	yǔ yuán xué | yǔyuán xué
獲得	several-readings	huòdé | dédào
语源学	several-readings	yǔ yuán xué | yǔyuán xué
南方	several-readings	nánfāng | nánbian
馴鹿	several-readings	xùnlù | xúnlù
脱氧核糖核酸	no-pinyin	
鸭嘴兽	no-pinyin	
馬來西亞	no-pinyin	
馬裡	no-pinyin	
马提尼克	no-pinyin	
馬提尼剋	no-pinyin	
安省	no-pinyin	
安河	no-pinyin	
毛裡求斯	no-pinyin	
馬約特	no-pinyin	
埃纳河	no-pinyin	
阿列省	no-pinyin	
上普罗旺斯阿尔卑斯省	no-pinyin	
上阿尔卑斯省	no-pinyin	
滨海阿尔卑斯省	no-pinyin	
阿尔代什省	no-pinyin	
蒙特尼哥罗	no-pinyin	
緬甸	no-pinyin	
瑙魯	no-pinyin	
諾魯	no-pinyin	
尼泊尔	no-pinyin	
尼日爾	no-pinyin	
尼日爾河	no-pinyin	
諾曼底	no-pinyin	
諾曼第	no-pinyin	
獵戶座	no-pinyin	
阿列日河	no-pinyin	
阿列日省	no-pinyin	
奥布省	no-pinyin	
巴拿馬	no-pinyin	
巴拿馬城	no-pinyin	
巴拉圭河	no-pinyin	
盧旺達	no-pinyin	
薩摩亞	no-pinyin	
聖馬力諾	no-pinyin	
塞內加爾	no-pinyin	
塞爾維亞	several-readings	Sài'ěrwéiyà | Sāi'ěrwéiyà
阿韦龙省	no-pinyin	
罗讷河口省	no-pinyin	
氨水	no-pinyin	
一億	no-pinyin	
，	non-han-title	
草原犬鼠	no-pinyin	
草原松鼠	no-pinyin	
大马哈鱼	no-pinyin	
散落	invalid-reading	sànlùo
阿拉伯字母	no-pinyin	
奔豚气	no-pinyin	
我爱你	no-pinyin	
玩具熊	no-pinyin	
袋熊	no-pinyin	
小马	several-readings	xiǎomǎ | xiáomǎ
两侧对称动物	no-pinyin	
兩側對稱動物	no-pinyin	
臭草	invalid-reading	choùcǎo
臭柏	invalid-reading	choùbǎi
无机半导体	no-pinyin	
有机半导体	no-pinyin	
勒索	no-pinyin	
艾菲尔铁塔	no-pinyin	
詛咒	no-pinyin	
德鲁伊教徒	no-pinyin	
几何学	no-pinyin	
玫瑰花	several-readings	méiguī huā | méiguīhuā
姥姥	no-pinyin	
保加利亚人	no-pinyin	
语法学	no-pinyin	
爱尔兰	invalid-reading	Aì'ěrlán
什么	several-readings	shénme | shéme
不客氣	several-readings	bù kèqi | bùkèqi
不客气	several-readings	bù kèqi | bùkèqi
小山	no-pinyin	
对不起	several-readings	duìbùqǐ | duì bù qǐ
太阳王	no-pinyin	
長城	no-pinyin	
什麼	several-readings	shénme | shéme
甚麼	several-readings	shénme | shéme
金红石	no-pinyin	
胡麻	several-readings	húmá | zhīma
壓敏電阻	no-pinyin	
催眠曲	invalid-reading	cūimián qǔ
珍宝	no-pinyin	
小孔雀	no-pinyin	
牡蛎	no-pinyin	
■	non-han-title	
吸烟	several-readings	guānhuà | xīyān
蝾螈	no-pinyin	
愛麗斯	no-pinyin	
一切	several-readings	一qiè | yīqiè
一切	invalid-reading	一qiè
瓦龙人	no-pinyin	
判别式	no-pinyin	
互质	no-pinyin	
焦耳	no-pinyin	
生物地理分布区	no-pinyin	
性欲	no-pinyin	
高架渠	no-pinyin	
希波克拉底	no-pinyin	
鸚鵡	no-pinyin	
内衣	invalid-reading	neìyī
小红帽	no-pinyin	
政治正确	no-pinyin	
肺结核	no-pinyin	
浙江	several-readings	Zhèjiāng | Zhéjiāng
贵州	invalid-reading	Guìzhoū
貴州	invalid-reading	Guìzhoū
1月	non-han-title	
2月	non-han-title	
3月	non-han-title	
4月	non-han-title	
5月	non-han-title	
6月	non-han-title	
7月	non-han-title	
8月	non-han-title	
9月	non-han-title	
10月	non-han-title	
11月	non-han-title	
12月	non-han-title	
启蒙时代	no-pinyin	
轮胎	no-pinyin	
那里	several-readings	nàlǐ | nǎlì
癫痫	several-readings	diānxián | yángdiānfēng
癲癇	several-readings	diānxián | yángdiānfēng
褐色	several-readings	hèsè | hésè
夸克	no-pinyin	
录音机	no-pinyin	
愛之深，責之切	non-han-title	
骨頭	several-readings	gǔtou | gútou
古兰经	no-pinyin	
满月	no-pinyin	
双年展	no-pinyin	
铃兰	no-pinyin	
委婉	no-pinyin	
风水	several-readings	fēngshuǐ | fēngshuǐ (feng
一样	several-readings	yīyàng | yíyàng
一樣	several-readings	yīyàng | yíyàng
綽號	no-pinyin	
莱茵河	no-pinyin	
垃圾	no-pinyin	
精神疾病	no-pinyin	
频道	several-readings	píndào | píndào (pin
巨大	several-readings	jùdà | jù dà
列島	several-readings	lièdǎo | zhūdǎo
有时候	no-pinyin	
木头	several-readings	mùtóu | mùtou
出來	several-readings	chūlái | chúlai
運動	several-readings	yùndòng | yùndong
人参	several-readings	rénshēn | rénshen
妻子	several-readings	qīzǐ | qīzi
散光	no-pinyin	
質量數	no-pinyin	
原子序数	no-pinyin	
苏丹	no-pinyin	
我愛你	no-pinyin	
冰凍三尺，非一日之寒	non-han-title	
法拉	no-pinyin	
西弗	no-pinyin	
坎德拉	no-pinyin	
弧度	no-pinyin	
球面度	no-pinyin	
流明	no-pinyin	
貝魯特	no-pinyin	
眞空管	no-pinyin	
西门子	no-pinyin	
電子伏特	no-pinyin	
千赫	no-pinyin	
兆赫	no-pinyin	
吉赫	no-pinyin	
太赫兹	no-pinyin	
拍赫	no-pinyin	
艾赫	no-pinyin	
流变学	no-pinyin	
蒙古	several-readings	Měnggǔ | Ménggǔ
阻抗	no-pinyin	
預熱塞	no-pinyin	
火花塞	no-pinyin	
凯法利尼亚岛	no-pinyin	
气压	no-pinyin	
地貌学	no-pinyin	
赫罗纳	no-pinyin	
日震	no-pinyin	
全血细胞计数	no-pinyin	
胡兀鷲	no-pinyin	
洁癖	no-pinyin	
惧高症	no-pinyin	
环氧乙烷	no-pinyin	
米洛斯岛	no-pinyin	
腦炎	no-pinyin	
病原学	no-pinyin	
木星十五	no-pinyin	
潘诺尼亚	no-pinyin	
三七二十一	no-pinyin	
三八二十四	no-pinyin	
三九二十七	no-pinyin	
四五二十	no-pinyin	
四六二十四	no-pinyin	
四八三十二	no-pinyin	
四九三十六	no-pinyin	
五五二十五	no-pinyin	
五六三十	no-pinyin	
五七三十五	no-pinyin	
五八四十	no-pinyin	
五九四十五	no-pinyin	
六六三十六	no-pinyin	
六七四十二	no-pinyin	
六八四十八	no-pinyin	
六九五十四	no-pinyin	
七七四十九	no-pinyin	
七八五十六	no-pinyin	
七九六十三	no-pinyin	
八八六十四	no-pinyin	
八九七十二	no-pinyin	
九九八十一	no-pinyin	
刪除	no-pinyin	
一一得一	no-pinyin	
一二得二	no-pinyin	
一三得三	no-pinyin	
一四得四	no-pinyin	
一五得五	no-pinyin	
一六得六	no-pinyin	
一七得七	no-pinyin	
一八得八	no-pinyin	
一九得九	no-pinyin	
二二得四	no-pinyin	
二三得六	no-pinyin	
二四得八	no-pinyin	
二五一十	no-pinyin	
二六一十二	no-pinyin	
二七一十四	no-pinyin	
二八一十六	no-pinyin	
二九一十八	no-pinyin	
三三得九	no-pinyin	
三四一十二	no-pinyin	
三五一十五	no-pinyin	
三六一十八	no-pinyin	
四四一十六	no-pinyin	
猫叫综合症	no-pinyin	
貓哭症候群	no-pinyin	
單醣	no-pinyin	
阿茲海默病	no-pinyin	
前日	several-readings	qiánrì | qiántiān
奥沙西泮	no-pinyin	
双氯芬酸钠	no-pinyin	
佐匹克隆	no-pinyin	
奥利维	no-pinyin	
巴比妥类药物	no-pinyin	
γ-氨基丁酸	non-han-title	
著色性乾皮症	no-pinyin	
生日快樂	no-pinyin	
氯苯那敏	no-pinyin	
失讀症	no-pinyin	
．	non-han-title	
◌̀	non-han-title	
◌́	non-han-title	
◌̄	non-han-title	
◌̌	non-han-title	
平成	no-pinyin	
你的	no-pinyin	
T恤	non-han-title	
卡拉ＯＫ	non-han-title	
民國	no-pinyin	
内含子	no-pinyin	
外显子	no-pinyin	
柠檬黄	no-pinyin	
单胺氧化酶	no-pinyin	
摄影家	several-readings	shèyǐngjiā | shèyǐng jiā
攝影家	several-readings	shèyǐngjiā | shèyǐng jiā
二甲硫醚	no-pinyin	
乙硫醇	no-pinyin	
濒死经验	no-pinyin	
次氯酸鈉	no-pinyin	
次氯酸	no-pinyin	
百分之	no-pinyin	
千分之	no-pinyin	
分之	no-pinyin	
氯酸	no-pinyin	
、	non-han-title	
。	non-han-title	
楷書	several-readings	shū | kǎishū
楷書	invalid-reading	shū
简字	no-pinyin	
楷书	several-readings	shū | kǎishū
楷书	invalid-reading	shū
拉格朗日点	no-pinyin	
梅毒	no-pinyin	
水手號谷	no-pinyin	
歐洲經濟共同體	no-pinyin	
乳酸	no-pinyin	
月桂酸	no-pinyin	
硬脂酸	no-pinyin	
甲酸	no-pinyin	
飽和脂肪	no-pinyin	
麗姬亞海	no-pinyin	
大紅斑	no-pinyin	
吉尔吉斯语	no-pinyin	
哈萨克语	no-pinyin	
乌兹别克语	no-pinyin	
卫拉特	no-pinyin	
信息素	no-pinyin	
美术馆	no-pinyin	
四海	no-pinyin	
金玉	invalid-reading	jīnyù (jin
海鮮	several-readings	hǎixiān | háixiǎn
蜀黍	several-readings	shǔshǔ | yùshǔshǔ
样子	no-pinyin	
春秋	no-pinyin	
孟子	no-pinyin	
织布机	no-pinyin	
埃尔坎维莱	no-pinyin	
頻道	several-readings	píndào | píndào (pin
數字	several-readings	shùzì | shùxùn
人蔘	several-readings	rénshēn | rénshen
选手	several-readings	xuǎnshǒu | xuánshǒu
运动	several-readings	yùndòng | yùndong
幹細胞	no-pinyin	
高扁	no-pinyin	
新年好	no-pinyin	
马蹄莲	no-pinyin	
丙子	no-pinyin	
丁丑	no-pinyin	
戊寅	no-pinyin	
庚辰	no-pinyin	
辛巳	no-pinyin	
壬午	no-pinyin	
癸未	no-pinyin	
甲申	no-pinyin	
乙酉	no-pinyin	
戊子	no-pinyin	
己丑	no-pinyin	
庚寅	no-pinyin	
辛卯	no-pinyin	
壬辰	no-pinyin	
甲午	no-pinyin	
乙未	no-pinyin	
丁酉	no-pinyin	
戊戌	no-pinyin	
庚子	no-pinyin	
辛丑	no-pinyin	
壬寅	no-pinyin	
癸卯	no-pinyin	
甲辰	no-pinyin	
乙巳	no-pinyin	
丙午	no-pinyin	
丁未	no-pinyin	
戊申	no-pinyin	
己酉	no-pinyin	
庚戌	no-pinyin	
壬子	no-pinyin	
癸丑	no-pinyin	
甲寅	no-pinyin	
丙辰	no-pinyin	
丁巳	no-pinyin	
戊午	no-pinyin	
己未	no-pinyin	
庚申	no-pinyin	
辛酉	no-pinyin	
壬戌	no-pinyin	
卡車	no-pinyin	
立春	several-readings	qiūfēn | lìchūn
成冰纪	no-pinyin	
埃迪卡拉纪	invalid-reading	{{{2}}}
黄瓜	several-readings	huáng guā | huángguā
西北偏北	no-pinyin	
步话机	no-pinyin	
公开密钥加密	no-pinyin	
火山兔	no-pinyin	
独裁者	no-pinyin	
录像者	no-pinyin	
吸毒者	no-pinyin	
预言者	no-pinyin	
无神论者	no-pinyin	
爱国者	no-pinyin	
莳萝蒿	no-pinyin	
细齿草木樨	no-pinyin	
新疆圆柏	no-pinyin	
北葱	no-pinyin	
小馬	several-readings	xiǎomǎ | xiáomǎ
完璧歸趙	several-readings	wánbì guī Zhào | wánbì guī ehào
奶油泡芙	no-pinyin	
什么时候	several-readings	shénmē shíhòu | shénme shíhòu
气候变暖异议者	no-pinyin	
生啤酒	several-readings	shēng píjiǔ | píjiǔ
酵母	several-readings	jiàomǔ | xiàomǔ
星系团	no-pinyin	
变质岩	no-pinyin	
黑尾原雞	no-pinyin	
压垮骆驼的最后一根稻草	no-pinyin	
分解作用	no-pinyin	
黑暗	no-pinyin	
留兰香	no-pinyin	
七宗罪	no-pinyin	
除了...以外	non-han-title	
千米	no-pinyin	
刺芹	no-pinyin	
生意	several-readings	shēngyì | shēngyi
姪孫	no-pinyin	
安然无恙	no-pinyin	
𣎴	no-pinyin	
披毛犀	no-pinyin	
不在乎	no-pinyin	
塞翁失馬，焉知非福	non-han-title	
七十	no-pinyin	
草甘膦	no-pinyin	
诊后病历的	no-pinyin	
先发投手	no-pinyin	
鲁莽	no-pinyin	
啊嚏	no-pinyin	
肖迪耶	no-pinyin	
豪猪	no-pinyin	
去骨	no-pinyin	
月经	no-pinyin	
转录组	no-pinyin	
洗黑钱	no-pinyin	
爬行類	several-readings	páxínglèi | páxíng lèi
深海魚	no-pinyin	
罗斯基勒	no-pinyin	
博恩霍爾姆	no-pinyin	
洛兰	no-pinyin	
沒意思	several-readings	méi yìsi | méiyìsi
同意	several-readings	tóngyì | tóngyìcí
一曝十寒	no-pinyin	
鄙言	no-pinyin	
普朗克時間	no-pinyin	
工具	several-readings	gōngjù | qìjù
保护国	several-readings	bǎohù guó | bǎohùguó
保護國	several-readings	bǎohù guó | bǎohùguó
冰咖啡	no-pinyin	
妳的	no-pinyin	
您们	several-readings	nínmen | nǐmen
您們	several-readings	nínmen | nǐmen
巨鹭	no-pinyin	
蒼鷺	no-pinyin	
苍鹭	no-pinyin	
美术史	no-pinyin	
拟声词	several-readings	nǐshēng cí | nǐshēngcí
擬聲詞	several-readings	nǐshēng cí | nǐshēngcí
禮賓部	no-pinyin	
中国人民解放军	several-readings	zhōngguó rénmín jiěfàng jūn | zhōngguó rénmín jiěfàngjūn
中國人民解放軍	several-readings	zhōngguó rénmín jiěfàng jūn | zhōngguó rénmín jiěfàngjūn
辦公室	several-readings	bàngōngshì | bàngōngshǐ
展示橱窗	no-pinyin	
透明	several-readings	bùtòumíng | tòumíng
透明	invalid-reading	bùtòumíng
令和	no-pinyin	
中子星	no-pinyin	
车厢	several-readings	chēxiāng | huǒchē
車廂	several-readings	chēxiāng | huǒchē
烏蘭巴托	several-readings	wūlán bātuō | wūlánbātuō
黃瓜	several-readings	huáng guā | huángguā
振动	several-readings	zhèndòng | zhèndàng
振動	several-readings	zhèndòng | zhèndàng
花呢格紋	no-pinyin	
镜子	several-readings	jìngzǐ | jìngzi
游泳棒	no-pinyin	
儿女	several-readings	nǚ'ér | érnǚ
兒女	several-readings	nǚ'ér | érnǚ
电子学	several-readings	diànxué | diànzixué
电子学	invalid-reading	diànxué
電子學	several-readings	diànxué | diànzixué
電子學	invalid-reading	diànxué
热气球	no-pinyin	
化猫	no-pinyin	
获得	several-readings	huòdé | dédào
甚么	several-readings	shénme | shéme
會社	several-readings	huìshè | shèhuì
軍用機場	no-pinyin	
非殖民化	no-pinyin	
總司令	several-readings	zǒng sīlìng | zǒngsīlìng
袋子	several-readings	dài | dàizi
袋子	invalid-reading	dài
炮烙	invalid-reading	páolùo
小朋友	several-readings	xiǎo péngyou | xiǎohuǒzi
爆肚	several-readings	bàodù | bào dù
葉公好龍	several-readings	yègōnghàolóng | yè gōng hào lóng
本当	several-readings	běndang | běndāng
本當	several-readings	běndang | běndāng
千里之行，始於足下	non-han-title	
費事	several-readings	fèishì | fèi shì
普路托	no-pinyin	
奶酪	no-pinyin	
代碼	several-readings	yuándàimǎ | dàimǎ
代碼	invalid-reading	yuándàimǎ
代码	several-readings	yuándàimǎ | dàimǎ
代码	invalid-reading	yuándàimǎ
浏览	several-readings	liúlǎn | liúlǎnqì
瀏覽	several-readings	liúlǎn | liúlǎnqì
清真	several-readings	qīngzhēn | qīngzhēnsì
不可以	several-readings	bú kěyǐ | búkěyǐ
初一	several-readings	chūyī | chū yī
堤岸	no-pinyin	
不過	several-readings	bùguò | búguò
貶值	several-readings	biǎnzhí | biǎn zhí
微控制器	several-readings	wēi kòngzhìqì | wēikòngzhìqì
包子	several-readings	bāozi | bāopí
餘擺線	several-readings	yúbǎixiàn | xuánlúnxiàn
余摆线	several-readings	yúbǎixiàn | xuánlúnxiàn
不过	several-readings	bùguò | búguò
小鸡	no-pinyin	
小雞	no-pinyin	
豆芽	several-readings	pēiyá | dòuyá
微控製器	several-readings	wēi kòngzhìqì | wēikòngzhìqì
替代	several-readings	tìdài | dàitì
面包板	several-readings	miànbāo bǎn | yìnshuā miànbāo bǎn
麵包板	several-readings	miànbāo bǎn | yìnshuā miànbāo bǎn
电晶体－电晶体逻辑	non-han-title	
電晶體－電晶體邏輯	non-han-title	
狸貓換太子	no-pinyin	
魚與熊掌不可兼得	no-pinyin	
有蹄类	several-readings	yǒutí lèi | yǒutílèi
有蹄類	several-readings	yǒutí lèi | yǒutílèi
有蹄	several-readings	yǒutí lèi | yǒutí
有蹄	invalid-reading	yǒutí lèi
熱的	several-readings	juérède | rède
熱的	invalid-reading	juérède
热的	several-readings	juérède | rède
热的	invalid-reading	juérède
壁炉	several-readings	bìlú | yāntū
壁爐	several-readings	bìlú | yāntū
𨧀	several-readings	dù | dài | sǒng | suǒ
氧气	no-pinyin	
装有	invalid-reading	zhuāngyoǔ
裝有	invalid-reading	zhuāngyoǔ
謝本師	no-pinyin	
稀罕	several-readings	xīhan | xīhǎn
心理學家	several-readings	xīnlǐ xuéjiā | xīnlǐxuéjiā
心理学家	several-readings	xīnlǐ xuéjiā | xīnlǐxuéjiā
球體	several-readings	qiútǐ | huángmiàn
球体	several-readings	qiútǐ | huángmiàn
膀胱镜	no-pinyin	
鿐	no-pinyin	
半乳糖	no-pinyin	
皮科东奶酪	no-pinyin	
郑州	no-pinyin	
停住	no-pinyin	
风帽	no-pinyin	
共聚物	no-pinyin	
泥巴	no-pinyin	
礼貌	no-pinyin	
斜线	no-pinyin	
白铜	no-pinyin	
透长石	no-pinyin	
海洛因	no-pinyin	
涂层	no-pinyin	
胆汁	no-pinyin	
极圈	no-pinyin	
电子函件	no-pinyin	
踉跄	no-pinyin	
白兰地	no-pinyin	
蜜饯	no-pinyin	
鬣狗	no-pinyin	
吹风机	no-pinyin	
电吹风	no-pinyin	
云雀	no-pinyin	
白葡萄酒	invalid-reading	báipútáojǐu
提维语	no-pinyin	
回飞棒	no-pinyin	
警车	no-pinyin	
四氢大麻酚	no-pinyin	
驾驶执照	no-pinyin	
驾照	no-pinyin	
孩兒茶	no-pinyin	
垓兒茶	no-pinyin	
棕榈酸	no-pinyin	
朱蒙	no-pinyin	
化肥	several-readings	huàféi | huàxué féiliào
元素周期表	several-readings	lánhuāyíng shǔ | yuánsù zhōuqī biǎo
元素周期表	invalid-reading	lánhuāyíng shǔ
四元	no-pinyin	
黑市	no-pinyin	
官僚	no-pinyin	
自序	several-readings	zìxù | zìjǐ
建造	several-readings	jiànzào | jiànlì
責任	several-readings	zérèn | mónǐ
出其不意	multiline-gloss	* (Chengyu) De façon inattendue. :* #* 攻其无备，出其不意。 gōng qí wú bèi; chū qí bùyì. #*: Prendre quelqu'un par surprise, de façon inattendue. littéralement : « attaquer sans se préparer, sortir de façon inattendue » Sunzi, L'art de la guerre.
胳肢	no-pinyin	
怒江	no-pinyin	
植物蚁巢	no-pinyin	
植物蟻巢	no-pinyin	
承租	several-readings	chéngzū rén | chéngzū
承租	invalid-reading	chéngzū rén
元音	several-readings	yuányīn | mǔyīn
內衣	invalid-reading	neìyī
輕重	several-readings	qīngzhòng dú | qīngzhòng
輕重	invalid-reading	qīngzhòng dú
轻重	several-readings	qīngzhòng dú | qīngzhòng
轻重	invalid-reading	qīngzhòng dú
保護權	several-readings	bǎohù guó | bǎohù quán
保护权	several-readings	bǎohù guó | bǎohù quán
演奏家	several-readings	yǎnzòujiā | yǎnzòu jiā
比亚韦斯托克的栋布罗瓦	no-pinyin	
空對角線	no-pinyin	
太阳石	no-pinyin	
乌苏里江	invalid-reading	Wūsūlǐ Jīang
烏蘇里江	invalid-reading	Wūsūlǐ Jīang
雅柏文	invalid-reading	{{{2}}}
绍兴市	no-pinyin	
士力架	no-pinyin	
米尔蒂安	no-pinyin	
藝名	no-pinyin	
九九六	no-pinyin	
木板術	several-readings	mùbǎn shù | mùbǎnshù
木板术	several-readings	mùbǎn shù | mùbǎnshù
連鎖店	several-readings	liánsuǒ diàn | liánsuǒdiàn
连锁店	several-readings	liánsuǒ diàn | liánsuǒdiàn
鍋子	several-readings	guō | guōzi
鍋子	invalid-reading	guō
锅子	several-readings	guō | guōzi
锅子	invalid-reading	guō
太空	several-readings	tàikōngrén | tàikōng
太空	invalid-reading	tàikōngrén
迷失道路	several-readings	míshī dàolù | mílù
迷失	several-readings	míshī | mílù
膜迷路	several-readings	mómílù | mílù
鐵道	several-readings	tiědào | tiělù
铁道	several-readings	tiědào | tiělù
桂皮	invalid-reading	gùipí
五香粉	invalid-reading	cǎoguǒ
蛋白	several-readings	lào dànbái | dànbái
蛋白	invalid-reading	lào dànbái
禪林	several-readings	chánlín | huóhuǒshān
禅林	several-readings	chánlín | huóhuǒshān
大敵	several-readings	dàdí | dírén
大敌	several-readings	dàdí | dírén
沿途	several-readings	yántú | yánjiē
面包师傅	no-pinyin	
强奸	no-pinyin	
教條主義	several-readings	jiàotiáo zhǔyì | jìnbù zhǔyì
教条主义	several-readings	jiàotiáo zhǔyì | jìnbù zhǔyì
維修	several-readings	shíjiān | wéixiū
维修	several-readings	shíjiān | wéixiū
二極體電橋	several-readings	èrjítī diànqiáo | èrjíguǎn diàntī
可燃	no-pinyin	
这是什么	no-pinyin	
落田	invalid-reading	{{{2}}}
果树	no-pinyin	
升降机	no-pinyin	
大化	no-pinyin	
白雉	no-pinyin	
西邊	several-readings	xībian | xībiān
西边	several-readings	xībian | xībiān
克什米爾	no-pinyin	
大宝	no-pinyin	
慶雲	no-pinyin	
和銅	no-pinyin	
私奔	no-pinyin	
微內核	several-readings	wēi nèihé | wēinèihé
微内核	several-readings	wēi nèihé | wēinèihé
舵工	several-readings	duògōng | qīyuè
朱鸟	no-pinyin	
盧塞恩	several-readings	Lúsài'ēn | Lúsài
播客	no-pinyin	
電臺	invalid-reading	guǎngbō diàntái
电台	invalid-reading	guǎngbō diàntái
提琴弓	several-readings	tíqíngōng | qíngōng
枇杷	several-readings	pípa | pípá
五聲音階	several-readings	wǔshēng yīnjiē | wǔ shēng yīnjiē
五声音阶	several-readings	wǔshēng yīnjiē | wǔ shēng yīnjiē
五聲	several-readings	wǔshēng | wǔ shēng
五声	several-readings	wǔshēng | wǔ shēng
延音線	several-readings	yányīnxiàn | yányīn
延音线	several-readings	yányīnxiàn | yányīn
五度圈	several-readings	wǔdù quān | zēng wǔdù
受歡迎	several-readings	shòuhuānyíng | shòu huānyíng
受欢迎	several-readings	shòuhuānyíng | shòu huānyíng
播放列表	no-pinyin	
防晒霜	no-pinyin	
缝纫机	no-pinyin	
靈龜	no-pinyin	
八音盒	no-pinyin	
音乐盒	no-pinyin	
脐带	no-pinyin	
圣雷米昂布兹蒙-圣热内和伊松	non-han-title	
圣瓦伦蒂诺-因阿布鲁佐奇泰廖雷	non-han-title	
视神经	no-pinyin	
荷官	no-pinyin	
土牆	several-readings	tǔqiáng | hùtǔ
土墙	several-readings	tǔqiáng | hùtǔ
维吾尔	several-readings	wéiwú'ěryǔ | wéiwú'ěr
维吾尔	invalid-reading	wéiwú'ěryǔ
埃及狂热	no-pinyin	
拿波里式	several-readings	guà liú héxián | nábōlǐ shì
維吾爾	several-readings	wéiwú'ěryǔ | wéiwú'ěr
維吾爾	invalid-reading	wéiwú'ěryǔ
抗菌	several-readings	kàngjùn | kàngjūn
阿富汗尼	no-pinyin	
趾甲	several-readings	zhǐjiǎ | zhǐjia
這次	several-readings	zhè cì | zhècì
这次	several-readings	zhè cì | zhècì
三等艙	several-readings	èrděng cāng | sānděng cāng
三等舱	several-readings	èrděng cāng | sānděng cāng
爵士鼓	invalid-reading	juéshì
旋律小調音階	several-readings	xuánlǜ xiǎodiào yīnjiē | héshēng xiǎodiào yīnjiē
旋律小调音阶	several-readings	xuánlǜ xiǎodiào yīnjiē | héshēng xiǎodiào yīnjiē
牌子	no-pinyin	
保薦	invalid-reading	baǒjiàn
保荐	invalid-reading	baǒjiàn
被爆者	several-readings	bèibàozhě | bào
阿巴泰焦	no-pinyin	
阿恰诺	no-pinyin	
阿耶利	no-pinyin	
阿兰诺	no-pinyin	
阿尔巴阿德里亚蒂卡	no-pinyin	
阿尔费代纳	no-pinyin	
阿尔蒂诺	no-pinyin	
安韦尔萨-德利阿布鲁齐	non-han-title	
衙门	no-pinyin	
什麼時候	several-readings	shénmē shíhòu | shénme shíhòu
不协和音程	several-readings	bù xiéhé yīnchéng | bùxié héyīnchéng
搞麼斯	several-readings	gǎo mesī | gǎo me sī
搞么斯	several-readings	gǎo mesī | gǎo me sī
羅馬字	several-readings	luómǎ zì | luómǎzì
罗马字	several-readings	luómǎ zì | luómǎzì
作曲家	several-readings	zuòqǔjiā | zuòqǔ jiā
指揮	several-readings	zhǐhuī | yuèduì zhǐhuī
竹天花板	no-pinyin	
卡那卡那富語	no-pinyin	
害人之心不可有，防人之心不可無	non-han-title	
晴朗	multiline-gloss	#* 虽然今天天气晴朗，但是很冷。 suīrán jīntiān tiānqì qínglǎng, dànshì hěn lěng. #*: (Bien que) il y a un beau temps aujourd'hui, mais il fait froid.
例子	no-pinyin	
𲎿	non-han-title	
胞衣	no-pinyin	
𲰼	non-han-title	
抗生素	several-readings	kàngshēngsù | kàngjūnsù
鬃狼	no-pinyin	
芝麻醬	several-readings	zhīmáyè | zhīmájiàng
芝麻酱	several-readings	zhīmáyè | zhīmájiàng
魚刺	several-readings	cìwei | yúcì
鱼刺	several-readings	cìwei | yúcì
419	non-han-title	
语汇	several-readings	yǔhuì | cíhuì
羊水	no-pinyin	
交響樂團	invalid-reading	jiāoxiǎng yùetuán
交响乐团	invalid-reading	jiāoxiǎng yùetuán
北京檸檬	no-pinyin	
列岛	several-readings	lièdǎo | zhūdǎo
桑利斯	invalid-reading	sānglì
鸡尾酒	no-pinyin	
指挥	several-readings	zhǐhuī | yuèduì zhǐhuī
電子琴	several-readings	diànzǐ qín | héchéngqì
电子琴	several-readings	diànzǐ qín | héchéngqì
醒酒	several-readings	xǐngjiǔ | jiǔxǐng
摩天	several-readings	mótiānlún | mótiān
摩天	invalid-reading	mótiānlún
