title	simplified	wiktionary_pinyin	cc_cedict_pinyin
一下	一下	yi2 xia4	yi1 xia4
海鸥	海鸥	hai2 ou1	hai3 ou1
知	知	zhi4	zhi1
亟	亟	ji4	ji2
仅	仅	jin4	jin3
倭	倭	wo3	wo1
僅	仅	jin4	jin3
匸	匸	xi3	xi4
厂	厂	han4	han3
呕	呕	ou1	ou3
啥	啥	sha4	sha2
嘔	呕	ou1	ou3
廾	廾	gong4	gong3
懵	懵	meng2	meng3
昔	昔	xi2	xi1
棧	栈	zhan3	zhan4
潷	潷	bi3	bi4
潷	潷	bi3	bi4
獭	獭	ta4	ta3
獺	獭	ta4	ta3
穴	穴	xue4	xue2
笛	笛	di1	di2
舛	舛	chuan2	chuan3
誼	谊	yi2	yi4
谊	谊	yi2	yi4
質	质	zhi2	zhi4
质	质	zhi2	zhi4
鈷	钴	gu1	gu3
銣	铷	ru3	ru2
錫	锡	xi2	xi1
钋	钋	po4	po1
钴	钴	gu1	gu3
铷	铷	ru3	ru2
锡	锡	xi2	xi1
镧	镧	lan4	lan2
一连	一连	yi4 lian2	yi1 lian2
肖像	肖像	xiao1 xiang4	xiao4 xiang4
干草	干草	gan4 cao3	gan1 cao3
不便	不便	bu2 bian4	bu4 bian4
阿尔巴尼亚	阿尔巴尼亚	a1 er3 ba1 ni2 ya3	A1 er3 ba1 ni2 ya4
差不多	差不多	cha1 bu4 duo1	cha4 bu5 duo1
爱奥尼亚海	爱奥尼亚海	ai4 ao4 ni2 ya3 hai3	Ai4 ao4 ni2 ya4 Hai3
幾內亞比索	几内亚比索	Ji3 nei4 ya4 Bi3 suo3	Ji1 nei4 ya4 Bi3 suo3
捷克	捷克	jie4 ke4	Jie2 ke4
塞尔维亚	塞尔维亚	sai1 er3 wei2 ya4	Sai4 er3 wei2 ya4
法律	法律	fa3 lu:3	fa3 lu:4
第比利斯	第比利斯	Di4 bi3 li4 si1	Di4 bi4 li4 si1
柏拉图	柏拉图	Bo2 la2 tu2	Bo2 la1 tu2
的士	的士	di2 shi4	di1 shi4
背包	背包	bei4 bao1	bei1 bao1
一連	一连	yi4 lian2	yi1 lian2
柳树	柳树	liu2 shu4	liu3 shu4
燕麦	燕麦	yan1 mai4	yan4 mai4
中世紀	中世纪	zhong1 shi3 ji4	zhong1 shi4 ji4
中世纪	中世纪	zhong1 shi3 ji4	zhong1 shi4 ji4
白俄罗斯人	白俄罗斯人	bai2 e2 luo1 si1 ren2	Bai2 e2 luo2 si1 ren2
水獭	水獭	shui3 ta4	shui3 ta3
安徽	安徽	An1 hui3	An1 hui1
黑沉沉	黑沉沉	hei1 chen1 chen1	hei1 chen2 chen2
满语	满语	man2 yu3	Man3 yu3
不用	不用	bu2 yong4	bu4 yong4
不用	不用	bu2 yong4	bu4 yong4
空位	空位	kong4 wei4	kong1 wei4
有理数	有理数	you3 li3 shu3	you3 li3 shu4
小米	小米	xiao2 mi3	xiao3 mi3
惹起	惹起	re2 qi3	re3 qi3
海鲜	海鲜	hai2 xian3	hai3 xian1
混沌	混沌	hun2 dun4	hun4 dun4
柳樹	柳树	liu2 shu4	liu3 shu4
菜刀	菜刀	cai4 dao4	cai4 dao1
滿語	满语	man2 yu3	Man3 yu3
动画片	动画片	dong4 hua4 pian1	dong4 hua4 pian4
動畫片	动画片	dong4 hua4 pian1	dong4 hua4 pian4
水獺	水獭	shui3 ta4	shui3 ta3
汗国	汗国	han4 guo2	han2 guo2
汗國	汗国	han4 guo2	han2 guo2
燕麥	燕麦	yan1 mai4	yan4 mai4
海鷗	海鸥	hai2 ou1	hai3 ou1
切削	切削	qie4 xiao1	qie1 xiao1
唱片	唱片	chang4 pian1	chang4 pian4
手表	手表	shou2 biao3	shou3 biao3
手錶	手表	shou2 biao3	shou3 biao3
阿爾巴尼亞	阿尔巴尼亚	a1 er3 ba1 ni2 ya3	A1 er3 ba1 ni2 ya4
校服	校服	xiao4 fu4	xiao4 fu2
爆肚	爆肚	bao4 du4	bao4 du3
直升飞机	直升飞机	zhi2 sheng2 fei1 ji1	zhi2 sheng1 fei1 ji1
直升飛機	直升飞机	zhi2 sheng2 fei1 ji1	zhi2 sheng1 fei1 ji1
不可以	不可以	bu2 ke3 yi3	bu4 ke3 yi3
四元数	四元数	si4 yuan2 shu3	si4 yuan2 shu4
四元數	四元数	si4 yuan2 shu3	si4 yuan2 shu4
愛奧尼亞海	爱奥尼亚海	ai4 ao4 ni2 ya3 hai3	Ai4 ao4 ni2 ya4 Hai3
意識形態	意识形态	yi4 shi4 xing2 tai4	yi4 shi2 xing2 tai4
切成	切成	qie4 cheng2	qie1 cheng2
毛病	毛病	mao3 bing4	mao2 bing4
毛病	毛病	mao3 bing4	mao2 bing4
過期	过期	guo2 qi1	guo4 qi1
过期	过期	guo2 qi1	guo4 qi1
下载	下载	xia4 zai4	xia4 zai3
下載	下载	xia4 zai4	xia4 zai3
白俄羅斯人	白俄罗斯人	bai2 e2 luo1 si1 ren2	Bai2 e2 luo2 si1 ren2
理髮店	理发店	li3 fa1 dian4	li3 fa4 dian4
理发店	理发店	li3 fa1 dian4	li3 fa4 dian4
乾草	干草	gan4 cao3	gan1 cao3
自學	自学	zi3 xue2	zi4 xue2
自学	自学	zi3 xue2	zi4 xue2
腺嘌呤	腺嘌呤	xian4 piao4 ling2	xian4 piao4 ling4
為何	为何	wei2 he2	wei4 he2
为何	为何	wei2 he2	wei4 he2
不当	不当	bu2 dang4	bu4 dang4
不当	不当	bu2 dang4	bu4 dang4
不當	不当	bu2 dang4	bu4 dang4
不當	不当	bu2 dang4	bu4 dang4
偶然	偶然	ou3 ran3	ou3 ran2
羊肚菌	羊肚菌	yang2 du3 jun1	yang2 du3 jun4
滿足	满足	man3 zu3	man3 zu2
满足	满足	man3 zu3	man3 zu2
有理數	有理数	you3 li3 shu3	you3 li3 shu4
知識論	知识论	zhi1 shi4 lun4	zhi1 shi2 lun4
知识论	知识论	zhi1 shi4 lun4	zhi1 shi2 lun4
友谊	友谊	you3 yi2	you3 yi4
友誼	友谊	you3 yi2	you3 yi4
近場通訊	近场通讯	jin4 chang2 tong1 xun4	jin4 chang3 tong1 xun4
近场通讯	近场通讯	jin4 chang2 tong1 xun4	jin4 chang3 tong1 xun4
猛獁象	猛犸象	meng3 ma4 xiang4	meng3 ma3 xiang4
猛犸象	猛犸象	meng3 ma4 xiang4	meng3 ma3 xiang4
猛獁	猛犸	meng3 ma4	meng3 ma3
猛犸	猛犸	meng3 ma4	meng3 ma3
盾牌	盾牌	dun4 pai3	dun4 pai2
柏拉圖	柏拉图	Bo2 la2 tu2	Bo2 la1 tu2
風笛	风笛	feng1 di1	feng1 di2
风笛	风笛	feng1 di1	feng1 di2
不鏽鋼	不锈钢	bu2 xiu4 gang1	bu4 xiu4 gang1
不锈钢	不锈钢	bu2 xiu4 gang1	bu4 xiu4 gang1
抗菌	抗菌	kang4 jun4	kang4 jun1
列表	列表	lie3 biao3	lie4 biao3
課程	课程	ke4 cheng3	ke4 cheng2
课程	课程	ke4 cheng3	ke4 cheng2
法向量	法向量	fa3 xiang4 liang2	fa3 xiang4 liang4
馬到成功	马到成功	ma2 dao4 cheng2 gong1	ma3 dao4 cheng2 gong1
马到成功	马到成功	ma2 dao4 cheng2 gong1	ma3 dao4 cheng2 gong1
