word	cc_cedict_readings	issue
吧	ba1 | ba5 | bia1	polyphone-without-pinyin
比	Bi3 | bi1	polyphone-without-pinyin
别	Bie2 | bie4	polyphone-without-pinyin
差	cha1 | cha4 | chai1 | ci1	polyphone-without-pinyin
车	Che1 | ju1	polyphone-without-pinyin
车上		absent
出来	chu1 lai2 | chu5 lai5	polyphone-without-pinyin
打	da2 | da3	polyphone-without-pinyin
大	da4 | dai4	polyphone-without-pinyin
地	de5 | di4	polyphone-without-pinyin
的	de5 | di1 | di2 | di4	polyphone-without-pinyin
地方	di4 fang1 | di4 fang5	polyphone-without-pinyin
弟	di4 | ti4	polyphone-without-pinyin
东西	dong1 xi1 | dong1 xi5	polyphone-without-pinyin
都	Du1 | dou1	polyphone-without-pinyin
读	dou4 | du2	polyphone-without-pinyin
多少	duo1 shao3 | duo1 shao5	polyphone-without-pinyin
分	fen1 | fen4	polyphone-without-pinyin
干	gan1 | gan4	polyphone-without-pinyin
告诉	gao4 su4 | gao4 su5	polyphone-without-pinyin
个	ge3 | ge4	polyphone-without-pinyin
给	gei3 | ji3	polyphone-without-pinyin
过	Guo1 | guo4 | guo5	polyphone-without-pinyin
还	Huan2 | hai2	polyphone-without-pinyin
好	hao3 | hao4	polyphone-without-pinyin
好吃	hao3 chi1 | hao4 chi1	polyphone-without-pinyin
号	hao2 | hao4	polyphone-without-pinyin
喝	he1 | he4	polyphone-without-pinyin
和	he2 | he4 | hu2 | huo2 | huo4	polyphone-without-pinyin
会	hui4 | kuai4	polyphone-without-pinyin
几	ji1 | ji3	polyphone-without-pinyin
间	jian1 | jian4	polyphone-without-pinyin
见	jian4 | xian4	polyphone-without-pinyin
教	Jiao4 | jiao1	polyphone-without-pinyin
看	kan1 | kan4	polyphone-without-pinyin
了	le5 | liao3 | liao4	polyphone-without-pinyin
累	lei2 | lei3 | lei4	polyphone-without-pinyin
六	liu4 | lu4	polyphone-without-pinyin
吗	ma2 | ma3 | ma5	polyphone-without-pinyin
没	mei2 | mo4	polyphone-without-pinyin
哪	na3 | na5 | ne2 | nei3	polyphone-without-pinyin
那	Na1 | Nuo2 | na3 | na4	polyphone-without-pinyin
南	Nan2 | na1	polyphone-without-pinyin
难	nan2 | nan4	polyphone-without-pinyin
呢	ne5 | ni2	polyphone-without-pinyin
女	nu:3 | ru3	polyphone-without-pinyin
女人	nu:3 ren2 | nu:3 ren5	polyphone-without-pinyin
跑	pao2 | pao3	polyphone-without-pinyin
起来	qi3 lai5 | qi5 lai5	polyphone-without-pinyin
上	shang3 | shang4	polyphone-without-pinyin
少	shao3 | shao4	polyphone-without-pinyin
说	shui4 | shuo1	polyphone-without-pinyin
听	yin3 | ting1	polyphone-without-pinyin
洗	xi3 | xian3	polyphone-without-pinyin
写	xie3 | xie4	polyphone-without-pinyin
行	hang2 | heng2 | xing2	polyphone-without-pinyin
要	yao1 | yao4	polyphone-without-pinyin
页	xie2 | ye4	polyphone-without-pinyin
雨	yu3 | yu4	polyphone-without-pinyin
远	yuan3 | yuan4	polyphone-without-pinyin
这	zhe4 | zhei4	polyphone-without-pinyin
着	zhao1 | zhao2 | zhe5 | zhuo2	polyphone-without-pinyin
正	zheng1 | zheng4	polyphone-without-pinyin
中	Zhong1 | zhong4	polyphone-without-pinyin
重	chong2 | zhong4	polyphone-without-pinyin
子	zi3 | zi5	polyphone-without-pinyin
啊	a1 | a2 | a3 | a4 | a5	polyphone-without-pinyin
背	bei1 | bei4	polyphone-without-pinyin
边	bian1 | bian5	polyphone-without-pinyin
不太		absent
不一会儿		absent
草	cao3 | cao4	polyphone-without-pinyin
查	Zha1 | cha2	polyphone-without-pinyin
长	chang2 | zhang3	polyphone-without-pinyin
场	chang2 | chang3	polyphone-without-pinyin
称	chen4 | cheng1 | cheng4	polyphone-without-pinyin
当	dang1 | dang4	polyphone-without-pinyin
当时	dang1 shi2 | dang4 shi2	polyphone-without-pinyin
倒	dao3 | dao4	polyphone-without-pinyin
得	de2 | de4 | de5 | dei3	polyphone-without-pinyin
度	du4 | duo2	polyphone-without-pinyin
发	fa1 | fa4	polyphone-without-pinyin
高中	gao1 zhong1 | gao1 zhong4	polyphone-without-pinyin
更	geng1 | geng4	polyphone-without-pinyin
故事	gu4 shi4 | gu4 shi5	polyphone-without-pinyin
过来	guo4 lai2 | guo4 lai5	polyphone-without-pinyin
过去	guo4 qu4 | guo4 qu5	polyphone-without-pinyin
好处	hao3 chu3 | hao3 chu5	polyphone-without-pinyin
好事	hao3 shi4 | hao4 shi4	polyphone-without-pinyin
红	Hong2 | gong1	polyphone-without-pinyin
假	gei1 | jia3 | jia4	polyphone-without-pinyin
见过		absent
角	Jue2 | jiao3	polyphone-without-pinyin
脚	jiao3 | jue2	polyphone-without-pinyin
教学	jiao1 xue2 | jiao4 xue2	polyphone-without-pinyin
节	jie1 | jie2	polyphone-without-pinyin
结果	jie1 guo3 | jie2 guo3	polyphone-without-pinyin
句	gou1 | ju4	polyphone-without-pinyin
卡	ka3 | qia3	polyphone-without-pinyin
拉	la1 | la2 | la4	polyphone-without-pinyin
离	chi1 | Li2	polyphone-without-pinyin
凉	Liang2 | liang4	polyphone-without-pinyin
绿	lu4 | lu:4	polyphone-without-pinyin
猫	mao1 | mao2	polyphone-without-pinyin
鸟	diao3 | niao3	polyphone-without-pinyin
弄	long4 | nong4	polyphone-without-pinyin
便宜	bian4 yi2 | pian2 yi5	polyphone-without-pinyin
片	pian1 | pian4	polyphone-without-pinyin
骑	ji4 | qi2	polyphone-without-pinyin
省	sheng3 | xing3	polyphone-without-pinyin
数	shu3 | shu4 | shuo4	polyphone-without-pinyin
送到		absent
提	di1 | ti2	polyphone-without-pinyin
通	tong1 | tong4	polyphone-without-pinyin
头	tou2 | tou5	polyphone-without-pinyin
万	mo4 | Wan4	polyphone-without-pinyin
为	wei2 | wei4	polyphone-without-pinyin
喂	wei2 | wei4	polyphone-without-pinyin
咱	zan2 | za2	polyphone-without-pinyin
脏	zang4 | zang1	polyphone-without-pinyin
占	zhan4 | zhan1	polyphone-without-pinyin
这时候		absent
只	zhi1 | zhi3	polyphone-without-pinyin
重点	chong2 dian3 | zhong4 dian3	polyphone-without-pinyin
把	ba3 | ba4	polyphone-without-pinyin
板	ban3 | pan4	polyphone-without-pinyin
本事	ben3 shi4 | ben3 shi5	polyphone-without-pinyin
并	bing4 | Bing1	polyphone-without-pinyin
厂	han3 | chang3	polyphone-without-pinyin
朝	Chao2 | zhao1	polyphone-without-pinyin
吵	chao1 | chao3	polyphone-without-pinyin
传	chuan2 | zhuan4	polyphone-without-pinyin
大夫	da4 fu1 | dai4 fu5	polyphone-without-pinyin
调	diao4 | tiao2	polyphone-without-pinyin
放到		absent
工夫	gong1 fu1 | gong1 fu5	polyphone-without-pinyin
合	ge3 | he2	polyphone-without-pinyin
化	hua1 | hua4	polyphone-without-pinyin
结实	jie1 shi2 | jie1 shi5	polyphone-without-pinyin
尽量	jin3 liang4 | jin4 liang4	polyphone-without-pinyin
精神	jing1 shen2 | jing1 shen5	polyphone-without-pinyin
空	kong1 | kong4	polyphone-without-pinyin
乐	Le4 | Yue4 | lao4	polyphone-without-pinyin
能不能		absent
派	pa1 | pai4	polyphone-without-pinyin
胖	pan2 | pang4	polyphone-without-pinyin
强	Qiang2 | jiang4 | qiang3	polyphone-without-pinyin
亲	qin1 | qing4	polyphone-without-pinyin
区	Ou1 | qu1	polyphone-without-pinyin
任	Ren2 | ren4	polyphone-without-pinyin
生意	sheng1 yi4 | sheng1 yi5	polyphone-without-pinyin
属	shu3 | zhu3	polyphone-without-pinyin
所长	suo3 chang2 | suo3 zhang3	polyphone-without-pinyin
台	Tai2 | tai1	polyphone-without-pinyin
汤	Tang1 | shang1	polyphone-without-pinyin
系	xi4 | ji4	polyphone-without-pinyin
血	xie3 | xue4	polyphone-without-pinyin
压	ya1 | ya4	polyphone-without-pinyin
约	yao1 | yue1	polyphone-without-pinyin
种	zhong3 | zhong4	polyphone-without-pinyin
转	zhuai3 | zhuan3 | zhuan4	polyphone-without-pinyin
追	dui1 | zhui1	polyphone-without-pinyin
薄	Bo2 | bao2 | bo4	polyphone-without-pinyin
曾	Zeng1 | ceng2	polyphone-without-pinyin
尺	che3 | chi3	polyphone-without-pinyin
冲	chong1 | chong4	polyphone-without-pinyin
处	chu3 | chu4	polyphone-without-pinyin
刺	ci1 | ci4	polyphone-without-pinyin
大方	Da4 fang1 | da4 fang5	polyphone-without-pinyin
大爷	da4 ye2 | da4 ye5	polyphone-without-pinyin
单	Shan4 | chan2 | dan1	polyphone-without-pinyin
倒车	dao3 che1 | dao4 che1	polyphone-without-pinyin
底	de5 | di3	polyphone-without-pinyin
地下	di4 xia4 | di4 xia5	polyphone-without-pinyin
恶心	e3 xin1 | e4 xin1	polyphone-without-pinyin
盖	Ge3 | gai4	polyphone-without-pinyin
划	hua2 | hua4	polyphone-without-pinyin
降	jiang4 | xiang2	polyphone-without-pinyin
教授	jiao1 shou4 | jiao4 shou4	polyphone-without-pinyin
结	jie1 | jie2	polyphone-without-pinyin
尽快	jin3 kuai4 | jin4 kuai4	polyphone-without-pinyin
卷	juan3 | juan4	polyphone-without-pinyin
老公	lao3 gong1 | lao3 gong5	polyphone-without-pinyin
俩	lia3 | liang3	polyphone-without-pinyin
量	liang2 | liang4	polyphone-without-pinyin
落	la4 | lao4 | luo4	polyphone-without-pinyin
摸	mo1 | mo2	polyphone-without-pinyin
末	me5 | mo4	polyphone-without-pinyin
妻子	qi1 zi3 | qi1 zi5	polyphone-without-pinyin
浅	jian1 | qian3	polyphone-without-pinyin
切	qie1 | qie4	polyphone-without-pinyin
圈	juan1 | juan4 | quan1	polyphone-without-pinyin
人家	ren2 jia1 | ren2 jia5	polyphone-without-pinyin
散	san4 | san3	polyphone-without-pinyin
扫	sao3 | sao4	polyphone-without-pinyin
色	se4 | shai3	polyphone-without-pinyin
刷	shua1 | shua4	polyphone-without-pinyin
孙子	Sun1 zi3 | sun1 zi5	polyphone-without-pinyin
挑	tiao1 | tiao3	polyphone-without-pinyin
土地	tu3 di4 | tu3 di5	polyphone-without-pinyin
王	Wang2 | wang4	polyphone-without-pinyin
无	mo2 | wu2	polyphone-without-pinyin
鲜	xian3 | xian1	polyphone-without-pinyin
呀	ya1 | ya5	polyphone-without-pinyin
眼里		absent
应	Ying1 | ying4	polyphone-without-pinyin
有劲儿		absent
折	she2 | zhe1 | zhe2	polyphone-without-pinyin
转动	zhuan3 dong4 | zhuan4 dong4	polyphone-without-pinyin
叉	cha1 | cha2 | cha3 | cha4	polyphone-without-pinyin
城里		absent
乘	Cheng2 | sheng4	polyphone-without-pinyin
臭	chou4 | xiu4	polyphone-without-pinyin
答	da1 | da2	polyphone-without-pinyin
大都	Da4 du1 | da4 dou1	polyphone-without-pinyin
待	dai1 | dai4	polyphone-without-pinyin
当年	dang1 nian2 | dang4 nian2	polyphone-without-pinyin
挡	dang3 | dang4	polyphone-without-pinyin
得了	de2 le5 | de2 liao3	polyphone-without-pinyin
洞	dong4 | tong2	polyphone-without-pinyin
跟前	gen1 qian2 | gen1 qian5	polyphone-without-pinyin
广	yan3 | Guang3	polyphone-without-pinyin
汗	han2 | han4	polyphone-without-pinyin
夹	ga1 | jia1 | jia2	polyphone-without-pinyin
价	jie4 | jia4 | jie5	polyphone-without-pinyin
将	jiang1 | jiang4 | qiang1	polyphone-without-pinyin
尽可能	jin3 ke3 neng2 | jin4 ke3 neng2	polyphone-without-pinyin
咳	hai1 | ke2	polyphone-without-pinyin
可	ke3 | ke4	polyphone-without-pinyin
令	ling2 | ling3 | ling4	polyphone-without-pinyin
买卖	mai3 mai4 | mai3 mai5	polyphone-without-pinyin
喷	pen1 | pen4	polyphone-without-pinyin
抢	qiang1 | qiang3	polyphone-without-pinyin
扇	shan1 | shan4	polyphone-without-pinyin
稍	shao1 | shao4	polyphone-without-pinyin
蛇	she2 | yi2	polyphone-without-pinyin
拾	she4 | shi2	polyphone-without-pinyin
说法	shuo1 fa3 | shuo1 fa5	polyphone-without-pinyin
弹	dan4 | tan2	polyphone-without-pinyin
吐	tu3 | tu4	polyphone-without-pinyin
温和	wen1 he2 | wen1 huo5	polyphone-without-pinyin
吓	he4 | xia4	polyphone-without-pinyin
言语	yan2 yu3 | yan2 yu5	polyphone-without-pinyin
乙	yi3 | zhe2	polyphone-without-pinyin
涨	zhang3 | zhang4	polyphone-without-pinyin
挣	zheng1 | zheng4	polyphone-without-pinyin
转向	zhuan3 xiang4 | zhuan4 xiang4	polyphone-without-pinyin
挨	ai1 | ai2	polyphone-without-pinyin
罢了	ba4 le5 | ba4 liao3	polyphone-without-pinyin
背着	bei1 zhe5 | bei4 zhe5	polyphone-without-pinyin
扁	Pian1 | bian3	polyphone-without-pinyin
便	bian4 | pian2	polyphone-without-pinyin
藏	Zang4 | cang2	polyphone-without-pinyin
侧	ce4 | zhai1	polyphone-without-pinyin
当天	dang1 tian1 | dang4 tian1	polyphone-without-pinyin
档	dang3 | dang4	polyphone-without-pinyin
蹲	cun2 | dun1	polyphone-without-pinyin
番	Pan1 | fan1	polyphone-without-pinyin
佛	Fo2 | fu2	polyphone-without-pinyin
服	fu2 | fu4	polyphone-without-pinyin
杆	gan1 | gan3	polyphone-without-pinyin
好学	hao3 xue2 | hao4 xue2	polyphone-without-pinyin
很难说		absent
横	heng2 | heng4	polyphone-without-pinyin
混	hun2 | hun4	polyphone-without-pinyin
觉	jiao4 | jue2	polyphone-without-pinyin
解	Xie4 | jie3 | jie4	polyphone-without-pinyin
尽	jin3 | jin4	polyphone-without-pinyin
据	ju4 | ju1	polyphone-without-pinyin
开通	kai1 tong1 | kai1 tong5	polyphone-without-pinyin
看好	kan1 hao3 | kan4 hao3	polyphone-without-pinyin
啦	la1 | la5	polyphone-without-pinyin
露	Lu4 | lou4	polyphone-without-pinyin
嘛	ma2 | ma5	polyphone-without-pinyin
埋	mai2 | man2	polyphone-without-pinyin
蒙	meng2 | meng1 | Meng3	polyphone-without-pinyin
磨	mo2 | mo4	polyphone-without-pinyin
泥	ni2 | ni4	polyphone-without-pinyin
泡	pao1 | pao4	polyphone-without-pinyin
炮	bao1 | pao2 | pao4	polyphone-without-pinyin
铺	pu4 | pu1	polyphone-without-pinyin
若	re3 | ruo4	polyphone-without-pinyin
塞	sai1 | sai4 | se4	polyphone-without-pinyin
识	shi2 | zhi4	polyphone-without-pinyin
踏	ta1 | ta4	polyphone-without-pinyin
趟	tang1 | tang4	polyphone-without-pinyin
同	tong2 | tong4	polyphone-without-pinyin
同行	tong2 hang2 | tong2 xing2	polyphone-without-pinyin
哇	wa1 | wa5	polyphone-without-pinyin
一番		absent
与	yu2 | yu3 | yu4	polyphone-without-pinyin
晕	yun1 | yun4	polyphone-without-pinyin
扎	zha1 | zha2 | za1	polyphone-without-pinyin
炸	zha2 | zha4	polyphone-without-pinyin
正当	zheng4 dang1 | zheng4 dang4	polyphone-without-pinyin
指着		absent
粥	yu4 | zhou1	polyphone-without-pinyin
赚	zhuan4 | zuan4	polyphone-without-pinyin
足	ju4 | zu2	polyphone-without-pinyin
钻	zuan4 | zuan1	polyphone-without-pinyin
作	zuo1 | zuo4	polyphone-without-pinyin
唉	ai1 | ai4	polyphone-without-pinyin
凹	ao1 | wa1	polyphone-without-pinyin
熬	ao1 | ao2	polyphone-without-pinyin
扒	ba1 | pa2	polyphone-without-pinyin
把手	ba3 shou3 | ba3 shou5	polyphone-without-pinyin
摆设	bai3 she4 | bai3 she5	polyphone-without-pinyin
扳	ban1 | pan1	polyphone-without-pinyin
磅	bang4 | pang2	polyphone-without-pinyin
剥	bao1 | bo1	polyphone-without-pinyin
本色	ben3 se4 | ben3 shai3	polyphone-without-pinyin
奔	ben1 | ben4	polyphone-without-pinyin
绷	beng1 | beng3	polyphone-without-pinyin
标致	Biao1 zhi4 | biao1 zhi5	polyphone-without-pinyin
不利于		absent
不肯		absent
不难		absent
不如说		absent
采	cai3 | cai4	polyphone-without-pinyin
掺	chan1 | shan3	polyphone-without-pinyin
趁着		absent
盛	Sheng4 | cheng2	polyphone-without-pinyin
澄清	cheng2 qing1 | deng4 qing1	polyphone-without-pinyin
秤	cheng1 | cheng4	polyphone-without-pinyin
仇	Qiu2 | chou2	polyphone-without-pinyin
出息	chu1 xi1 | chu1 xi5	polyphone-without-pinyin
揣	chuai1 | chuai3 | chuai4	polyphone-without-pinyin
创	chuang4 | chuang1	polyphone-without-pinyin
大意	da4 yi4 | da4 yi5	polyphone-without-pinyin
逮	dai3 | dai4	polyphone-without-pinyin
担	dan1 | dan4	polyphone-without-pinyin
当日	dang1 ri4 | dang4 ri4	polyphone-without-pinyin
当晚	dang1 wan3 | dang4 wan3	polyphone-without-pinyin
倒数	dao4 shu3 | dao4 shu4	polyphone-without-pinyin
得罪	de2 zui4 | de2 zui5	polyphone-without-pinyin
蹬	deng1 | deng4	polyphone-without-pinyin
地道	di4 dao4 | di4 dao5	polyphone-without-pinyin
丁	Ding1 | zheng1	polyphone-without-pinyin
钉	ding1 | ding4	polyphone-without-pinyin
定为		absent
斗	Dou3 | dou4	polyphone-without-pinyin
恶	e3 | e4 | wu4	polyphone-without-pinyin
飞往		absent
分量	fen1 liang4 | fen4 liang4 | fen4 liang5	polyphone-without-pinyin
缝	feng2 | feng4	polyphone-without-pinyin
搁	ge1 | ge2	polyphone-without-pinyin
格	ge1 | ge2	polyphone-without-pinyin
公道	gong1 dao4 | gong1 dao5	polyphone-without-pinyin
公益性		absent
供	gong1 | gong4	polyphone-without-pinyin
勾	Gou1 | gou4	polyphone-without-pinyin
管子	Guan3 zi3 | guan3 zi5	polyphone-without-pinyin
龟	gui1 | jun1 | qiu1	polyphone-without-pinyin
哼	heng1 | hng5	polyphone-without-pinyin
哄	hong1 | hong3 | hong4	polyphone-without-pinyin
糊	hu2 | hu1 | hu4	polyphone-without-pinyin
怀着		absent
晃	huang3 | huang4	polyphone-without-pinyin
豁	hua2 | huo1 | huo4	polyphone-without-pinyin
脊梁	ji3 liang2 | ji3 liang5	polyphone-without-pinyin
祭	Zhai4 | ji4	polyphone-without-pinyin
嚼	jiao2 | jiao4	polyphone-without-pinyin
金子	Jin1 zi3 | jin1 zi5	polyphone-without-pinyin
锯	ju1 | ju4	polyphone-without-pinyin
卷子	juan3 zi5 | juan4 zi5	polyphone-without-pinyin
倔	jue2 | jue4	polyphone-without-pinyin
俊	jun4 | zun4	polyphone-without-pinyin
扛	gang1 | kang2	polyphone-without-pinyin
磕	ke1 | ke4	polyphone-without-pinyin
壳	qiao4 | ke2	polyphone-without-pinyin
空地	kong1 di4 | kong4 di4	polyphone-without-pinyin
口音	kou3 yin1 | kou3 yin5	polyphone-without-pinyin
款式	kuan3 shi4 | kuan3 shi5	polyphone-without-pinyin
勒	le4 | lei1	polyphone-without-pinyin
冷战	Leng3 zhan4 | leng3 zhan5	polyphone-without-pinyin
利害	li4 hai4 | li4 hai5	polyphone-without-pinyin
淋	lin2 | lin4	polyphone-without-pinyin
溜	liu1 | liu4	polyphone-without-pinyin
遛	liu2 | liu4	polyphone-without-pinyin
笼子	long2 zi5 | long3 zi5	polyphone-without-pinyin
搂	lou1 | lou3	polyphone-without-pinyin
率	lu:4 | shuai4	polyphone-without-pinyin
抡	lun1 | lun2	polyphone-without-pinyin
闷	men1 | men4	polyphone-without-pinyin
谜	mei4 | mi2	polyphone-without-pinyin
免	mian3 | wen4	polyphone-without-pinyin
抹	ma1 | mo3 | mo4	polyphone-without-pinyin
难以想象		absent
尿	niao4 | sui1	polyphone-without-pinyin
拧	ning2 | ning3 | ning4	polyphone-without-pinyin
哦	e2 | o2 | o4 | o5	polyphone-without-pinyin
刨	bao4 | pao2	polyphone-without-pinyin
劈	pi1 | pi3	polyphone-without-pinyin
片子	pian1 zi5 | pian4 zi5	polyphone-without-pinyin
漂	piao1 | piao3 | piao4	polyphone-without-pinyin
撇	pie1 | pie3	polyphone-without-pinyin
凭着		absent
铅	qian1 | yan2	polyphone-without-pinyin
呛	qiang1 | qiang4	polyphone-without-pinyin
翘	qiao2 | qiao4	polyphone-without-pinyin
曲	Qu1 | qu3	polyphone-without-pinyin
撒	sa1 | sa3	polyphone-without-pinyin
上头	shang4 tou2 | shang4 tou5	polyphone-without-pinyin
省事	sheng3 shi4 | xing3 shi4	polyphone-without-pinyin
狮子	Shi1 zi3 | shi1 zi5	polyphone-without-pinyin
世故	shi4 gu4 | shi4 gu5	polyphone-without-pinyin
疏散	shu1 san3 | shu1 san4	polyphone-without-pinyin
说道	shuo1 dao4 | shuo1 dao5	polyphone-without-pinyin
说起来		absent
屯	tun2 | zhun1	polyphone-without-pinyin
驮	tuo2 | duo4	polyphone-without-pinyin
歪	wai1 | wai3	polyphone-without-pinyin
为人	wei2 ren2 | wei4 ren2	polyphone-without-pinyin
唯	wei2 | wei3	polyphone-without-pinyin
媳妇	xi2 fu4 | xi2 fu5	polyphone-without-pinyin
虾	ha2 | xia1	polyphone-without-pinyin
下场	xia4 chang3 | xia4 chang5	polyphone-without-pinyin
下调	xia4 diao4 | xia4 tiao2	polyphone-without-pinyin
削	xiao1 | xue1	polyphone-without-pinyin
哑	ya1 | ya3	polyphone-without-pinyin
烟火	yan1 huo3 | yan1 huo5	polyphone-without-pinyin
咽	yan1 | yan4 | ye4	polyphone-without-pinyin
饮水	yin3 shui3 | yin4 shui3	polyphone-without-pinyin
涌	chong1 | yong3	polyphone-without-pinyin
攒	cuan2 | zan3	polyphone-without-pinyin
粘	nian2 | zhan1	polyphone-without-pinyin
拽	ye4 | zhuai1 | zhuai3 | zhuai4	polyphone-without-pinyin
幢	chuang2 | zhuang4	polyphone-without-pinyin
着眼于		absent
兹	ci2 | zi1	polyphone-without-pinyin
琢磨	zhuo2 mo2 | zuo2 mo5	polyphone-without-pinyin
